ms,lr,la,T*,P*,rhol*,rhov*,Tr,Pr,Tc*,Pc*,rhoc*
1.0,7.0,6.0,0.7499737266000001,1.5596302463999955e-06,0.9152207476666664,0.00010986,0.3785378616197162,8.412477572133419e-06,1.9812383453294635,0.1853948771960257,0.305186429579308
1.0,7.0,6.0,0.7699636621,9.120132338400004e-05,0.9095928703333336,0.0001313057142857,0.3886274783218782,0.0004919301156717,1.9812383453294635,0.1853948771960257,0.305186429579308
1.0,7.0,6.0,0.8999202064999999,0.0007467422789594,0.8736967449999998,0.0008596867391161,0.4542210727050867,0.0040278474262794,1.9812383453294635,0.1853948771960257,0.305186429579308
1.0,7.0,6.0,0.9199891285,0.0008582433750669,0.8679225806451613,0.0010148730412147,0.4643505566449217,0.0046292723296741,1.9812383453294635,0.1853948771960257,0.305186429579308
1.0,7.0,6.0,1.050032274,0.002938907745021,0.8312140130000001,0.0030646869696969,0.529987861619642,0.0158521518472895,1.9812383453294635,0.1853948771960257,0.305186429579308
1.0,7.0,6.0,1.070006734,0.0036108252894293,0.8253033735483871,0.0036349847058823,0.5400696672979377,0.0194764027142531,1.9812383453294635,0.1853948771960257,0.305186429579308
1.0,7.0,6.0,1.1999308809999998,0.009062762431413,0.787413016875,0.00801777185625,0.6056469095849552,0.0488835644678065,1.9812383453294635,0.1853948771960257,0.305186429579308
1.0,7.0,6.0,1.220095538,0.0102570391614744,0.7811287299999999,0.0089916014852941,0.6158247143137684,0.0553253645225008,1.9812383453294635,0.1853948771960257,0.305186429579308
1.0,7.0,6.0,1.3499510259999998,0.0209534574980319,0.7404430672727271,0.01758349328125,0.6813673020120727,0.1130206929929187,1.9812383453294635,0.1853948771960257,0.305186429579308
1.0,7.0,6.0,1.380085212,0.023990138556488,0.7305691733333333,0.01987311421875,0.6965770752688027,0.1294002235623923,1.9812383453294635,0.1853948771960257,0.305186429579308
1.0,7.0,6.0,1.509856762,0.042876341144834,0.6856563714705883,0.034332826125,0.7620772965349222,0.2312703662221424,1.9812383453294635,0.1853948771960257,0.305186429579308
1.0,7.0,6.0,1.5300800208659364,0.0459776865980699,0.6791685166666667,0.0369811533106961,0.7722846796665934,0.2479986895725052,1.9812383453294635,0.1853948771960257,0.305186429579308
1.0,7.0,6.0,1.659986939,0.07377256647,0.6271515974999999,0.0592148577777777,0.8378532259448864,0.3979212780081145,1.9812383453294635,0.1853948771960257,0.305186429579308
1.0,7.0,6.0,1.6800173339999998,0.079480848991,0.6195710580769231,0.064068623347826,0.8479632639659146,0.4287111391269004,1.9812383453294635,0.1853948771960257,0.305186429579308
1.0,7.0,6.0,1.810079463,0.11825893059,0.5558621425,0.1011974265,0.913610150574286,0.6378759347539033,1.9812383453294635,0.1853948771960257,0.305186429579308
1.0,7.0,6.0,1.830046922,0.12541194446,0.5449767229166667,0.1085113363888889,0.9236884226040348,0.6764585211672097,1.9812383453294635,0.1853948771960257,0.305186429579308
1.0,7.0,6.0,1.959992572,0.1773731092,0.4412875733333333,0.1846816425,0.989276518204108,0.9567314473983876,1.9812383453294635,0.1853948771960257,0.305186429579308
1.0,7.0,6.0,1.9812383453294635,0.1853948771960257,0.305186429579308,0.305186429579308,1.0,1.0,1.9812383453294635,0.1853948771960257,0.305186429579308
1.0,8.0,6.0,0.7199717422412675,0.0001715010558849,0.8868622884691066,0.0003312987218772,0.4169181491290958,0.0010831444202866,1.7268899033184884,0.1583362778525097,0.3036891942465003
1.0,8.0,6.0,0.7400047865999999,0.0001611897813449,0.8806857970967741,0.000381952350497,0.4285187985510629,0.0010180217921697,1.7268899033184884,0.1583362778525097,0.3036891942465003
1.0,8.0,6.0,0.8399785734000002,0.0009230984474138,0.8494281623333333,0.0012299201475205,0.4864111903056762,0.0058299870372958,1.7268899033184884,0.1583362778525097,0.3036891942465003
1.0,8.0,6.0,0.8599491152000001,0.0012859464629239,0.8432686819999999,0.0014170586443823,0.4979756460139547,0.0081216160968603,1.7268899033184884,0.1583362778525097,0.3036891942465003
1.0,8.0,6.0,0.9699858243,0.003851962497769,0.808159060625,0.0041324945511764,0.561695231662436,0.0243277317745027,1.7268899033184884,0.1583362778525097,0.3036891942465003
1.0,8.0,6.0,0.9800496195,0.0041737186143155,0.8045926171875,0.0044261691058823,0.567522931031493,0.0263598378774782,1.7268899033184884,0.1583362778525097,0.3036891942465003
1.0,8.0,6.0,1.0899499059999995,0.0095235796617996,0.7677928363636363,0.009367149730303,0.6311635176657705,0.0601478056132582,1.7268899033184884,0.1583362778525097,0.3036891942465003
1.0,8.0,6.0,1.109960694,0.011119601608254,0.7614230393939394,0.0109891956212121,0.6427512789709624,0.0702277567659631,1.7268899033184884,0.1583362778525097,0.3036891942465003
1.0,8.0,6.0,1.210037967,0.0203601272804341,0.7250671985294117,0.0190076385212121,0.7007035970705042,0.128587886216446,1.7268899033184884,0.1583362778525097,0.3036891942465003
1.0,8.0,6.0,1.230096544,0.022395080391663,0.7180734580000002,0.0209286843304347,0.712319031824888,0.1414399826458218,1.7268899033184884,0.1583362778525097,0.3036891942465003
1.0,8.0,6.0,1.330040105,0.03761277137302,0.6790658928125001,0.0344631789599999,0.7701939205528507,0.2375499278065403,1.7268899033184884,0.1583362778525097,0.3036891942465003
1.0,8.0,6.0,1.349978931,0.04117390818827,0.6704258116129033,0.037405712,0.7817400104116684,0.2600408999548638,1.7268899033184884,0.1583362778525097,0.3036891942465003
1.0,8.0,6.0,1.449982538,0.063045520052,0.6252798879310345,0.058137606,0.8396496703198232,0.3981748270647546,1.7268899033184884,0.1583362778525097,0.3036891942465003
1.0,8.0,6.0,1.470014095,0.0677386152099999,0.616165174074074,0.0614551534615384,0.8512494584484736,0.4278148768477331,1.7268899033184884,0.1583362778525097,0.3036891942465003
1.0,8.0,6.0,1.5699310350000002,0.0971848355899999,0.5606159996153847,0.0933772162727272,0.909108931601912,0.6137875470366153,1.7268899033184884,0.1583362778525097,0.3036891942465003
1.0,8.0,6.0,1.590035854,0.10453329123,0.5474406390909091,0.1046627544117647,0.9207511439753616,0.6601979827223979,1.7268899033184884,0.1583362778525097,0.3036891942465003
1.0,8.0,6.0,1.6999793299999997,0.1478786313,0.4487985366666667,0.1659942992307692,0.9844167406000952,0.9339529342590016,1.7268899033184884,0.1583362778525097,0.3036891942465003
1.0,8.0,6.0,1.7268899033184884,0.1583362778525097,0.3036891942465003,0.3036891942465003,1.0,1.0,1.7268899033184884,0.1583362778525097,0.3036891942465003
1.0,9.0,6.0,0.6999753345999999,0.000324557237196,0.8702051556666668,0.0005159641528058,0.4499570308928416,0.0022936141181221,1.5556492876909858,0.1415047259395665,0.3061324372255704
1.0,9.0,6.0,0.7200281417000001,0.000386450432088,0.8632545883333335,0.0006049151272176,0.4628473444478743,0.0027310072474402,1.5556492876909858,0.1415047259395665,0.3061324372255704
1.0,9.0,6.0,0.8099973607000001,0.0013745727317729,0.8325425309090908,0.001870715,0.5206812146600603,0.0097139704885895,1.5556492876909858,0.1415047259395665,0.3061324372255704
1.0,9.0,6.0,0.8199898511590545,0.0016963522321138,0.8292212977382278,0.0021752748478701,0.5271045714784124,0.0119879546131786,1.5556492876909858,0.1415047259395665,0.3061324372255704
1.0,9.0,6.0,0.9099805933,0.004497645165375,0.7971984358823531,0.0050794880078787,0.5849522771618165,0.0317844166370517,1.5556492876909858,0.1415047259395665,0.3061324372255704
1.0,9.0,6.0,0.929996965,0.005171992734507,0.7898185239393939,0.0060001373687878,0.5978191693709917,0.0365499646754967,1.5556492876909858,0.1415047259395665,0.3061324372255704
1.0,9.0,6.0,1.0100119479999998,0.009954862194042,0.7598954848484849,0.0106910136666666,0.6492542734353302,0.0703500333854114,1.5556492876909858,0.1415047259395665,0.3061324372255704
1.0,9.0,6.0,1.03002487,0.011392979616718,0.7518251351515151,0.0122066465625,0.6621189481138401,0.0805130679634239,1.5556492876909858,0.1415047259395665,0.3061324372255704
1.0,9.0,6.0,1.110019161,0.019605720282382,0.7205325638235295,0.0201488767757575,0.7135407509796606,0.1385516996142953,1.5556492876909858,0.1415047259395665,0.3061324372255704
1.0,9.0,6.0,1.130033699,0.021816567869845,0.7117670670588235,0.0223162712068965,0.7264064644527192,0.1541755423713718,1.5556492876909858,0.1415047259395665,0.3061324372255704
1.0,9.0,6.0,1.219948401,0.03617493272796,0.6718641600000002,0.0362682056249999,0.7842052901337043,0.2556446965835579,1.5556492876909858,0.1415047259395665,0.3061324372255704
1.0,9.0,6.0,1.229939483,0.037997321434769,0.666715730625,0.0384285364285714,0.7906277415686479,0.2685233385844428,1.5556492876909858,0.1415047259395665,0.3061324372255704
1.0,9.0,6.0,1.319989256,0.0578390814979999,0.6217664227586208,0.0589093723461538,0.8485133933749486,0.4087431081468026,1.5556492876909858,0.1415047259395665,0.3061324372255704
1.0,9.0,6.0,1.339962963,0.06354627175,0.6105551159375,0.0649960130625,0.8613528599295514,0.4490752611127573,1.5556492876909858,0.1415047259395665,0.3061324372255704
1.0,9.0,6.0,1.42016987,0.08817491537,0.5605778031034483,0.0942786897619047,0.9129113362742096,0.6231234666159314,1.5556492876909858,0.1415047259395665,0.3061324372255704
1.0,9.0,6.0,1.440017335,0.09468731837,0.5455177880000001,0.103751104,0.9256696521472294,0.6691459789861635,1.5556492876909858,0.1415047259395665,0.3061324372255704
1.0,9.0,6.0,1.529944643,0.13192478171,0.4565324533333333,0.1710765574999999,0.9834765811970778,0.9322994750460992,1.5556492876909858,0.1415047259395665,0.3061324372255704
1.0,9.0,6.0,1.5556492876909858,0.1415047259395665,0.3061324372255704,0.3061324372255704,1.0,1.0,1.5556492876909858,0.1415047259395665,0.3061324372255704
1.0,10.0,6.0,0.6900162696000001,0.0004635921874479,0.8587864976666667,0.0008492100012588,0.4819789790913161,0.0035804558232511,1.4316314601539273,0.1294785385808632,0.3076241851890413
1.0,10.0,6.0,0.7099498410999999,0.0007046534420731,0.8515616120000001,0.001182725570697,0.4959026543211526,0.0054422412377864,1.4316314601539273,0.1294785385808632,0.3076241851890413
1.0,10.0,6.0,0.7799892213999999,0.0019016136811589,0.8251152597058823,0.002492368,0.544825426870779,0.0146867094887025,1.4316314601539273,0.1294785385808632,0.3076241851890413
1.0,10.0,6.0,0.8000312552000001,0.002303126977744,0.8177715471875,0.0030795019699117,0.558824863428177,0.01778771217985,1.4316314601539273,0.1294785385808632,0.3076241851890413
1.0,10.0,6.0,0.8700219742000002,0.0051351671521819,0.7903225318181818,0.0062173274151428,0.6077136458753543,0.0396603731279746,1.4316314601539273,0.1294785385808632,0.3076241851890413
1.0,10.0,6.0,0.8899579306,0.005960215396518,0.7819876187878787,0.0071488364333333,0.6216389869668781,0.0460324580570985,1.4316314601539273,0.1294785385808632,0.3076241851890413
1.0,10.0,6.0,0.9600413243,0.0107131697728944,0.7529169724242425,0.0122712139062499,0.6705925030431907,0.0827408919680052,1.4316314601539273,0.1294785385808632,0.3076241851890413
1.0,10.0,6.0,0.9799442001,0.012632116552075,0.7445700160606061,0.0142685846874999,0.6844947372102578,0.0975614699588678,1.4316314601539273,0.1294785385808632,0.3076241851890413
1.0,10.0,6.0,1.050036076,0.020490215723397,0.7134100852941176,0.0226802735333333,0.733454178135413,0.1582518303649237,1.4316314601539273,0.1294785385808632,0.3076241851890413
1.0,10.0,6.0,1.0700109380000002,0.0232816091572109,0.7040019908823529,0.02520984065625,0.7474066949359677,0.1798105648425344,1.4316314601539273,0.1294785385808632,0.3076241851890413
1.0,10.0,6.0,1.140041717,0.03539951285288,0.6696932922580643,0.03778999,0.7963234594449496,0.2734006209899561,1.4316314601539273,0.1294785385808632,0.3076241851890413
1.0,10.0,6.0,1.150070603,0.0373084457956347,0.664635570967742,0.0404141343749999,0.8033286743198182,0.2881438592414639,1.4316314601539273,0.1294785385808632,0.3076241851890413
1.0,10.0,6.0,1.229891691,0.0562948356079999,0.6175177440800002,0.0624241432777777,0.8590840067650954,0.4347812094962912,1.4316314601539273,0.1294785385808632,0.3076241851890413
1.0,10.0,6.0,1.2399953410000002,0.058481313445,0.6132611392857142,0.06502647668,0.8661414445772778,0.4516680068062143,1.4316314601539273,0.1294785385808632,0.3076241851890413
1.0,10.0,6.0,1.319940396,0.08408711126,0.5571917271428571,0.0993438669999999,0.9219833684418206,0.6494289492423109,1.4316314601539273,0.1294785385808632,0.3076241851890413
1.0,10.0,6.0,1.330000274,0.0878142473,0.5504732825925925,0.1053346211538461,0.9290102313461316,0.6782146930485888,1.4316314601539273,0.1294785385808632,0.3076241851890413
1.0,10.0,6.0,1.409952016,0.12056954888,0.4506826385714286,0.1742782363157894,0.9848568261055144,0.9311933097290924,1.4316314601539273,0.1294785385808632,0.3076241851890413
1.0,10.0,6.0,1.4316314601539273,0.1294785385808632,0.3076241851890413,0.3076241851890413,1.0,1.0,1.4316314601539273,0.1294785385808632,0.3076241851890413
1.0,11.0,6.0,0.6800142926,0.000677962062503,0.8523914878787879,0.0011846002322888,0.5058872297646753,0.0054945462524386,1.3442013409121314,0.1233881800889566,0.3096960125288543
1.0,11.0,6.0,0.700029451,0.00101236916649,0.8444132041935485,0.0015909970588235,0.5207772300874085,0.0082047499668131,1.3442013409121314,0.1233881800889566,0.3096960125288543
1.0,11.0,6.0,0.7600184138999999,0.002354856959218,0.8199382458333333,0.0032424791202857,0.5654051895114731,0.0190849476628982,1.3442013409121314,0.1233881800889566,0.3096960125288543
1.0,11.0,6.0,0.7800092920999999,0.0028561969456051,0.811980678125,0.0041013647341176,0.5802771269151621,0.0231480595916555,1.3442013409121314,0.1233881800889566,0.3096960125288543
1.0,11.0,6.0,0.8399841467999999,0.0056139787958609,0.786120483125,0.0071437642933333,0.6248945907389245,0.0454985136486615,1.3442013409121314,0.1233881800889566,0.3096960125288543
1.0,11.0,6.0,0.8599549634000001,0.006784807996634,0.7773733499999999,0.0083764505969696,0.6397516035927048,0.0549875035983389,1.3442013409121314,0.1233881800889566,0.3096960125288543
1.0,11.0,6.0,0.9200620439,0.0115478660571279,0.7503447406060606,0.0139944718333333,0.6844674349719632,0.0935897267372164,1.3442013409121314,0.1233881800889566,0.3096960125288543
1.0,11.0,6.0,0.9400338437,0.013515459904143,0.7412775267647058,0.0161796590933333,0.6993251792637876,0.1095360989553378,1.3442013409121314,0.1233881800889566,0.3096960125288543
1.0,11.0,6.0,1.0000064585,0.0208218771682219,0.7123778526470589,0.02443606440625,0.7439409767449183,0.1687509869519948,1.3442013409121314,0.1233881800889566,0.3096960125288543
1.0,11.0,6.0,1.009995632,0.0223344432768229,0.7072094499999999,0.0258304398846153,0.7513722842402835,0.1810095850406489,1.3442013409121314,0.1233881800889566,0.3096960125288543
1.0,11.0,6.0,1.080005758,0.034660738278733,0.669424830967742,0.0397979012903225,0.803455349380282,0.2809080922803494,1.3442013409121314,0.1233881800889566,0.3096960125288543
1.0,11.0,6.0,1.090001302,0.036622251960357,0.6635521950000001,0.0417461579999999,0.8108913961210308,0.2968051877736928,1.3442013409121314,0.1233881800889566,0.3096960125288543
1.0,11.0,6.0,1.1700228580000005,0.057315236545,0.6136537507407408,0.0677262863181818,0.8704223261718077,0.4645115642655449,1.3442013409121314,0.1233881800889566,0.3096960125288543
1.0,11.0,6.0,1.240009059,0.07966065785,0.5588112434482759,0.1018439384090908,0.92248759263889,0.6456101207795488,1.3442013409121314,0.1233881800889566,0.3096960125288543
1.0,11.0,6.0,1.250032196,0.0830089975399999,0.5504742217857143,0.1039263616666666,0.929944166810434,0.672746753215378,1.3442013409121314,0.1233881800889566,0.3096960125288543
1.0,11.0,6.0,1.320005921,0.11311469307,0.463782915,0.1686740923809523,0.9820001519298344,0.9167384832846228,1.3442013409121314,0.1233881800889566,0.3096960125288543
1.0,11.0,6.0,1.3442013409121314,0.1233881800889566,0.3096960125288543,0.3096960125288543,1.0,1.0,1.3442013409121314,0.1233881800889566,0.3096960125288543
1.0,12.0,6.0,0.6700317280000001,0.0009417262223209,0.8493817102702703,0.0016141281081081,0.5261257849243058,0.0080761817783853,1.2735200349406903,0.1166053771648974,0.3130249454219421
1.0,12.0,6.0,0.6899985055,0.00130310513113,0.8409865032258065,0.0021688655882352,0.5418042014016169,0.0111753433916449,1.2735200349406903,0.1166053771648974,0.3130249454219421
1.0,12.0,6.0,0.6900041349,0.001282667875584,0.8407210679411765,0.0020943719999999,0.5418086217482511,0.0110000748402032,1.2735200349406903,0.1166053771648974,0.3130249454219421
1.0,12.0,6.0,0.7399790766000001,0.002655482225817,0.81907123875,0.0039071975079411,0.581050204392318,0.0227732398829408,1.2735200349406903,0.1166053771648974,0.3130249454219421
1.0,12.0,6.0,0.7599929344999999,0.0033062995011581,0.8103217047222222,0.0047461840441176,0.5967655895852427,0.0283546057784496,1.2735200349406903,0.1166053771648974,0.3130249454219421
1.0,12.0,6.0,0.7600555278,0.003323083532953,0.81012012875,0.0046592299920588,0.5968147394205674,0.0284985445246977,1.2735200349406903,0.1166053771648974,0.3130249454219421
1.0,12.0,6.0,0.8200681964,0.0064775762092249,0.7825052039393938,0.0086847390787878,0.6439381979869612,0.0555512650164035,1.2735200349406903,0.1166053771648974,0.3130249454219421
1.0,12.0,6.0,0.8299851197,0.007062671858774,0.7782441286111113,0.0091917733766666,0.6517252158806073,0.0605690065972371,1.2735200349406903,0.1166053771648974,0.3130249454219421
1.0,12.0,6.0,0.8300767237,0.0071454362109079,0.7781567112121213,0.009352749660606,0.6517971456480917,0.0612787882054803,1.2735200349406903,0.1166053771648974,0.3130249454219421
1.0,12.0,6.0,0.8899967204,0.012418592382391,0.748720002,0.0151750877777777,0.6988478359050303,0.1065010266621689,1.2735200349406903,0.1166053771648974,0.3130249454219421
1.0,12.0,6.0,0.8999686036731435,0.0132447610899121,0.7439633982511924,0.0168423822768222,0.7066780097535382,0.1135861948388712,1.2735200349406903,0.1166053771648974,0.3130249454219421
1.0,12.0,6.0,0.9000162263,0.013463401884,0.7439335026470589,0.0164836418181818,0.7067154042393334,0.1154612438237795,1.2735200349406903,0.1166053771648974,0.3130249454219421
1.0,12.0,6.0,0.9600857115296278,0.0209477555419843,0.7116755775729648,0.0255460752380952,0.7538834766540131,0.1796465656327413,1.2735200349406903,0.1166053771648974,0.3130249454219421
1.0,12.0,6.0,0.9800081891,0.0244704335891241,0.7008962082352941,0.0294432939375,0.7695271077110619,0.20985681950601,1.2735200349406903,0.1166053771648974,0.3130249454219421
1.0,12.0,6.0,0.9800288829,0.024306281031186,0.701511965,0.0298691509999999,0.7695433570039135,0.2084490580294019,1.2735200349406903,0.1166053771648974,0.3130249454219421
1.0,12.0,6.0,1.0300048299999998,0.033567133203511,0.6719053316129032,0.0396147755555555,0.8087857291133771,0.2878695135649025,1.2735200349406903,0.1166053771648974,0.3130249454219421
1.0,12.0,6.0,1.05001861,0.0380358379417899,0.6595861393548388,0.0465783959999999,0.8245010531372605,0.3261928297526241,1.2735200349406903,0.1166053771648974,0.3130249454219421
1.0,12.0,6.0,1.050042761,0.03810205923488,0.659548242857143,0.046319038125,0.824520017110608,0.3267607391809899,1.2735200349406903,0.1166053771648974,0.3130249454219421
1.0,12.0,6.0,1.100003941,0.0503861254297,0.625828513125,0.0624044794444444,0.8637507937213008,0.4321080781587499,1.2735200349406903,0.1166053771648974,0.3130249454219421
1.0,12.0,6.0,1.119844644,0.056724454039,0.6108600854838708,0.07155165888,0.8793302133265244,0.4864651649707642,1.2735200349406903,0.1166053771648974,0.3130249454219421
1.0,12.0,6.0,1.1199784920000002,0.05633622043,0.6110863832352942,0.0714075848,0.879435314146557,0.483135699225364,1.2735200349406903,0.1166053771648974,0.3130249454219421
1.0,12.0,6.0,1.169916875,0.07318545179,0.5694054617857143,0.0956471030833333,0.9186481899787974,0.6276335926301653,1.2735200349406903,0.1166053771648974,0.3130249454219421
1.0,12.0,6.0,1.190000649,0.08125456849,0.5516973300000001,0.1103365081904761,0.9344184750540026,0.6968338035997595,1.2735200349406903,0.1166053771648974,0.3130249454219421
1.0,12.0,6.0,1.250023723,0.10763829064,0.4747008275,0.1747778785714286,0.9815501042024952,0.9230988592214182,1.2735200349406903,0.1166053771648974,0.3130249454219421
1.0,12.0,6.0,1.2735200349406903,0.1166053771648974,0.3130249454219421,0.3130249454219421,1.0,1.0,1.2735200349406903,0.1166053771648974,0.3130249454219421
1.0,13.0,6.0,0.6699942578,0.0012994773918421,0.8440762020000001,0.0020961480555555,0.550797639080606,0.0116401059644137,1.2164072796651009,0.1116379348963721,0.3147692493103783
1.0,13.0,6.0,0.6799780006,0.001644321027226,0.8396464887096775,0.0025711905882352,0.559005204890923,0.0147290527073287,1.2164072796651009,0.1116379348963721,0.3147692493103783
1.0,13.0,6.0,0.7299874393,0.0030511825694549,0.8163764843749999,0.0045767881864516,0.6001176180900355,0.027331055275137,1.2164072796651009,0.1116379348963721,0.3147692493103783
1.0,13.0,6.0,0.7499810757,0.004010075111494,0.8070292549999999,0.0056656331873529,0.6165542481022339,0.035920362690481,1.2164072796651009,0.1116379348963721,0.3147692493103783
1.0,13.0,6.0,0.7999787043000001,0.006990718475148,0.7819732451515151,0.0097026199393939,0.657656952299931,0.0626195610088733,1.2164072796651009,0.1116379348963721,0.3147692493103783
1.0,13.0,6.0,0.8099925312999999,0.0077485437752889,0.7775426615151515,0.0104174628030303,0.6658892501227103,0.0694078028448079,1.2164072796651009,0.1116379348963721,0.3147692493103783
1.0,13.0,6.0,0.8599869045999999,0.0123883896422569,0.7512442509090909,0.01596521875,0.7069892781608229,0.1109693551189066,1.2164072796651009,0.1116379348963721,0.3147692493103783
1.0,13.0,6.0,0.8800049671999999,0.0145877696415928,0.7401193203448275,0.0192436055366666,0.7234459887828699,0.1306703644700513,1.2164072796651009,0.1116379348963721,0.3147692493103783
1.0,13.0,6.0,0.9299491188,0.021713535348851,0.7119302670370369,0.0269412619199999,0.7645047299092389,0.1944996149293391,1.2164072796651009,0.1116379348963721,0.3147692493103783
1.0,13.0,6.0,0.9400214563,0.023372961968138,0.7064071558064516,0.0294406234242424,0.7727851288088353,0.2093639764102941,1.2164072796651009,0.1116379348963721,0.3147692493103783
1.0,13.0,6.0,0.9900312202,0.0326317751523099,0.6743756399999998,0.0413971277419354,0.8138978093526156,0.292300060750858,1.2164072796651009,0.1116379348963721,0.3147692493103783
1.0,13.0,6.0,1.0099248138,0.03719680180275,0.6614121881249999,0.0475706962499999,0.830252194871812,0.3331914177495125,1.2164072796651009,0.1116379348963721,0.3147692493103783
1.0,13.0,6.0,1.059915332,0.0508830975579999,0.6252170323333334,0.0658387761,0.8713490536589145,0.4557868040575287,1.2164072796651009,0.1116379348963721,0.3147692493103783
1.0,13.0,6.0,1.069961515,0.0537242807509999,0.6173544481481481,0.07021817192,0.879607951125202,0.4812367839020801,1.2164072796651009,0.1116379348963721,0.3147692493103783
1.0,13.0,6.0,1.120017669,0.0707340639199999,0.5745081963636366,0.0960428462142857,0.920758768648903,0.6336024039289045,1.2164072796651009,0.1116379348963721,0.3147692493103783
1.0,13.0,6.0,1.139977049,0.0782253062999999,0.5522079417391305,0.1124932246499999,0.9371672367119148,0.7007054221543288,1.2164072796651009,0.1116379348963721,0.3147692493103783
1.0,13.0,6.0,1.189901916,0.10005986802,0.4800959630434783,0.1623052673333333,0.9782101241021852,0.8962891342703586,1.2164072796651009,0.1116379348963721,0.3147692493103783
1.0,13.0,6.0,1.2164072796651009,0.1116379348963721,0.3147692493103783,0.3147692493103783,1.0,1.0,1.2164072796651009,0.1116379348963721,0.3147692493103783
1.0,14.0,6.0,0.6600157188,0.0015897432722817,0.8445938696774192,0.0024732832352941,0.5643998469904637,0.0147715043049389,1.1694115835065984,0.1076223003062832,0.3178647639418608
1.0,14.0,6.0,0.6800148000999999,0.00205840415282,0.8349456725806452,0.0032660455882352,0.5815016797258901,0.0191261861803917,1.1694115835065984,0.1076223003062832,0.3178647639418608
1.0,14.0,6.0,0.7199961334,0.0036942857312056,0.8153729782352941,0.0053232557727272,0.615690953941998,0.0343263963016215,1.1694115835065984,0.1076223003062832,0.3178647639418608
1.0,14.0,6.0,0.7399989973158686,0.0046895995752566,0.8056115779569892,0.0067770393769765,0.6327960213092017,0.0435746082541483,1.1694115835065984,0.1076223003062832,0.3178647639418608
1.0,14.0,6.0,0.7800155486,0.007258025683825,0.784148276875,0.0103711523781249,0.667015411512382,0.0674397932693254,1.1694115835065984,0.1076223003062832,0.3178647639418608
1.0,14.0,6.0,0.7999929211,0.0089705443963059,0.7736803642424244,0.0121906241484848,0.6840986803817529,0.083352096831015,1.1694115835065984,0.1076223003062832,0.3178647639418608
1.0,14.0,6.0,0.8400165737999999,0.0130139947961741,0.7517060882857143,0.0173049320689655,0.7183241432251986,0.1209228455360781,1.1694115835065984,0.1076223003062832,0.3178647639418608
1.0,14.0,6.0,0.8600381895,0.0153910947163159,0.7396749217647058,0.0204662993515151,0.7354452458227657,0.1430102745668347,1.1694115835065984,0.1076223003062832,0.3178647639418608
1.0,14.0,6.0,0.9000383339,0.021144789589592,0.7152863806666666,0.0279161535454545,0.7696506059920704,0.1964721951623025,1.1694115835065984,0.1076223003062832,0.3178647639418608
1.0,14.0,6.0,0.9199594826826828,0.0247828924778528,0.7028567720588236,0.03265797303125,0.7866857962224828,0.230276554276604,1.1694115835065984,0.1076223003062832,0.3178647639418608
1.0,14.0,6.0,0.9599105249,0.03300143119382,0.6761191107692308,0.0430440518181818,0.8208491675972728,0.3066411988955909,1.1694115835065984,0.1076223003062832,0.3178647639418608
1.0,14.0,6.0,0.9799740575,0.0378190913015,0.6622804638461539,0.0507680785714285,0.8380061146319837,0.3514057141862823,1.1694115835065984,0.1076223003062832,0.3178647639418608
1.0,14.0,6.0,1.019937615,0.048220716941,0.6305793145714286,0.0643273129375,0.8721801882119333,0.4480550666894153,1.1694115835065984,0.1076223003062832,0.3178647639418608
1.0,14.0,6.0,1.039991658,0.054408265333,0.6131805658333334,0.0749102805,0.8893290203962921,0.5055482476973552,1.1694115835065984,0.1076223003062832,0.3178647639418608
1.0,14.0,6.0,1.0800306070000003,0.06885108872,0.5755609527272727,0.0995542426666666,0.923567563578787,0.6397474178126291,1.1694115835065984,0.1076223003062832,0.3178647639418608
1.0,14.0,6.0,1.100045424,0.07666701461,0.5524482762499999,0.1132817373809523,0.9406828523977872,0.7123710828686314,1.1694115835065984,0.1076223003062832,0.3178647639418608
1.0,14.0,6.0,1.140032996,0.09474454906,0.4955763260869565,0.1601703965789473,0.9748774615191482,0.8803430960903614,1.1694115835065984,0.1076223003062832,0.3178647639418608
1.0,14.0,6.0,1.1694115835065984,0.1076223003062832,0.3178647639418608,0.3178647639418608,1.0,1.0,1.1694115835065984,0.1076223003062832,0.3178647639418608
1.0,15.0,6.0,0.6599346841299741,0.0020407828791005,0.8413655215053764,0.0033252965686274,0.5831931841446877,0.0192133817072921,1.1315884720049252,0.1062167457135332,0.3227663375483474
1.0,15.0,6.0,0.6800051469,0.002688511887421,0.8310249635483871,0.004185199117647,0.6009297228834267,0.0253115633449354,1.1315884720049252,0.1062167457135332,0.3227663375483474
1.0,15.0,6.0,0.7099936215,0.003914238430662,0.8152112306451613,0.0061230104051515,0.6274309424892319,0.0368514249270892,1.1315884720049252,0.1062167457135332,0.3227663375483474
1.0,15.0,6.0,0.7300829096,0.0051799831588031,0.8045857296875,0.0079299569764705,0.6451841174260587,0.0487680461682899,1.1315884720049252,0.1062167457135332,0.3227663375483474
1.0,15.0,6.0,0.769975979,0.0080441661826094,0.78245155,0.0114139467166666,0.6804381610885205,0.0757335025524556,1.1315884720049252,0.1062167457135332,0.3227663375483474
1.0,15.0,6.0,0.789973339,0.0096570346794,0.7713380533333333,0.01354641640625,0.6981100979230916,0.0909181938735446,1.1315884720049252,0.1062167457135332,0.3227663375483474
1.0,15.0,6.0,0.8199989047999999,0.013066419914422,0.7535737836363637,0.0180047948437499,0.7246440955227679,0.1230165716963515,1.1315884720049252,0.1062167457135332,0.3227663375483474
1.0,15.0,6.0,0.8400177675999999,0.015733954599452,0.7416672735294118,0.0216992145242424,0.7423350346718129,0.1481306407361275,1.1315884720049252,0.1062167457135332,0.3227663375483474
1.0,15.0,6.0,0.8799484865999999,0.0218202363461939,0.7158992732352941,0.0292325215151515,0.7776223497937597,0.2054312264945786,1.1315884720049252,0.1062167457135332,0.3227663375483474
1.0,15.0,6.0,0.9000864742,0.025725635710968,0.7026244138235295,0.03465516,0.7954185611357858,0.2421994341678486,1.1315884720049252,0.1062167457135332,0.3227663375483474
1.0,15.0,6.0,0.9400195415,0.03438166189326,0.6729468291428571,0.04662694125,0.8307079514821256,0.3236934219956938,1.1315884720049252,0.1062167457135332,0.3227663375483474
1.0,15.0,6.0,0.9500197151,0.03688854389094,0.6663439328571428,0.0502407128571428,0.8395452398138827,0.3472949923586294,1.1315884720049252,0.1062167457135332,0.3227663375483474
1.0,15.0,6.0,1.0099784917,0.054385470492,0.615595340357143,0.0767786140833333,0.89253161965369,0.5120235055843053,1.1315884720049252,0.1062167457135332,0.3227663375483474
1.0,15.0,6.0,1.050006695,0.06826581105,0.572959358076923,0.1037190652068965,0.927905082966796,0.6427029051907976,1.1315884720049252,0.1062167457135332,0.3227663375483474
1.0,15.0,6.0,1.059970227,0.07309633142,0.5624417762962963,0.1115077560434782,0.936709990622268,0.6881808600796427,1.1315884720049252,0.1062167457135332,0.3227663375483474
1.0,15.0,6.0,1.1100486509999998,0.09583265623,0.4784436758333333,0.1794572994736842,0.980964969564632,0.9022367950196938,1.1315884720049252,0.1062167457135332,0.3227663375483474
1.0,15.0,6.0,1.119961511,0.10160815501,0.4640179194444445,0.2050266764285714,0.989725097690042,0.9566114488579552,1.1315884720049252,0.1062167457135332,0.3227663375483474
1.0,15.0,6.0,1.1315884720049252,0.1062167457135332,0.3227663375483474,0.3227663375483474,1.0,1.0,1.1315884720049252,0.1062167457135332,0.3227663375483474
1.0,16.0,6.0,0.6500427281,0.0020591714585039,0.8439930732258064,0.0035650917647058,0.5917941828788784,0.0198609159252808,1.0984270324148204,0.1036795818607133,0.3218124476220271
1.0,16.0,6.0,0.6699744657,0.003064127939378,0.8330592741935484,0.0048235599999999,0.6099398921629821,0.0295538223089523,1.0984270324148204,0.1036795818607133,0.3218124476220271
1.0,16.0,6.0,0.6999952207,0.004436374971091,0.81653206875,0.0066830643147058,0.6372705696809974,0.0427892830147692,1.0984270324148204,0.1036795818607133,0.3218124476220271
1.0,16.0,6.0,0.7200369369000001,0.0056180900385147,0.8051817228125,0.0086336130764705,0.655516402684524,0.0541870437523777,1.0984270324148204,0.1036795818607133,0.3218124476220271
1.0,16.0,6.0,0.7600425850866674,0.008599627452334,0.7821968548118547,0.0127502717948717,0.6919372545081699,0.082944272131489,1.0984270324148204,0.1036795818607133,0.3218124476220271
1.0,16.0,6.0,0.7699942004,0.0094647394491489,0.7760946033333332,0.0137747394060606,0.7009971328793846,0.0912883643942946,1.0984270324148204,0.1036795818607133,0.3218124476220271
1.0,16.0,6.0,0.8099854295,0.0141910916446,0.7514265196969697,0.0194525946874999,0.7374048576711552,0.1368745069175221,1.0984270324148204,0.1036795818607133,0.3218124476220271
1.0,16.0,6.0,0.8300211768000001,0.017041802138896,0.7384012926470589,0.0239653101515151,0.7556452566314328,0.1643698964931257,1.0984270324148204,0.1036795818607133,0.3218124476220271
1.0,16.0,6.0,0.8598998578751166,0.022030490582712,0.7169279215686274,0.0299470259740259,0.7828465910791386,0.2124862985299122,1.0984270324148204,0.1036795818607133,0.3218124476220271
1.0,16.0,6.0,0.8799605964,0.0261748970155,0.704486891935484,0.03681664140625,0.8011097418692108,0.2524595156128644,1.0984270324148204,0.1036795818607133,0.3218124476220271
1.0,16.0,6.0,0.9099645132,0.03211409075244,0.6811640002941177,0.04510456234375,0.8284250900121259,0.3097436368482192,1.0984270324148204,0.1036795818607133,0.3218124476220271
1.0,16.0,6.0,0.9300742992,0.03765241079199,0.6653146277419355,0.0534203593548387,0.8467328932676502,0.3631612909335758,1.0984270324148204,0.1036795818607133,0.3218124476220271
1.0,16.0,6.0,0.9698660050505048,0.0493693679831649,0.631427360591133,0.0710235356681034,0.8829589735408436,0.4761725220833683,1.0984270324148204,0.1036795818607133,0.3218124476220271
1.0,16.0,6.0,0.9799913075575576,0.0525572638313313,0.6208249411206077,0.0786385049382716,0.8921769754729273,0.506920098326964,1.0984270324148204,0.1036795818607133,0.3218124476220271
1.0,16.0,6.0,1.030023007,0.07148691176,0.5669888178571428,0.1124851858076923,0.937725471609672,0.6894984574304897,1.0984270324148204,0.1036795818607133,0.3218124476220271
1.0,16.0,6.0,1.0700151489999998,0.08938828515,0.5010226651851851,0.1592613689473684,0.9741340274989784,0.8621590051364914,1.0984270324148204,0.1036795818607133,0.3218124476220271
1.0,16.0,6.0,1.0799673200000002,0.0944032781,0.4747558133333333,0.1745070975,0.9831944117633032,0.9105291167823631,1.0984270324148204,0.1036795818607133,0.3218124476220271
1.0,16.0,6.0,1.0984270324148204,0.1036795818607133,0.3218124476220271,0.3218124476220271,1.0,1.0,1.0984270324148204,0.1036795818607133,0.3218124476220271
1.0,17.0,6.0,0.6499058644999999,0.00274615280999,0.8413396712903224,0.0042101705882352,0.6077210371812396,0.0272124015814222,1.0694147885918577,0.1009154889094679,0.3251591822155998
1.0,17.0,6.0,0.6699973077000001,0.003512576018557,0.83009703,0.0055915505882352,0.6265083621877092,0.0348071049995918,1.0694147885918577,0.1009154889094679,0.3251591822155998
1.0,17.0,6.0,0.6999904093852972,0.0051564024017816,0.8124600053267045,0.0078305707820855,0.6545546375948319,0.0510962435747346,1.0694147885918577,0.1009154889094679,0.3251591822155998
1.0,17.0,6.0,0.720055295,0.00658152099082,0.800721575625,0.009884314417647,0.6733171288458862,0.0652181450235487,1.0694147885918577,0.1009154889094679,0.3251591822155998
1.0,17.0,6.0,0.7499857036000002,0.009158715128205,0.7823206896969698,0.0132559731433333,0.7013047805216319,0.090756287535022,1.0694147885918577,0.1009154889094679,0.3251591822155998
1.0,17.0,6.0,0.7600296269,0.010384907677013,0.7759985742424242,0.0152890260969696,0.7106967614509634,0.1029069748285061,1.0694147885918577,0.1009154889094679,0.3251591822155998
1.0,17.0,6.0,0.7999544178753831,0.0154424966425464,0.7502968787878788,0.0221064602126288,0.7480300687899744,0.1530240482350532,1.0694147885918577,0.1009154889094679,0.3251591822155998
1.0,17.0,6.0,0.8099614358,0.016697595470631,0.7437861635294117,0.0237614256666666,0.7573875398399058,0.1654611759906405,1.0694147885918577,0.1009154889094679,0.3251591822155998
1.0,17.0,6.0,0.8500172705000001,0.023885424740718,0.7150940264705881,0.03453956534375,0.7948433849687573,0.2366874005054448,1.0694147885918577,0.1009154889094679,0.3251591822155998
1.0,17.0,6.0,0.8599236175,0.0256354653347685,0.7071472658823528,0.03603084884375,0.8041067195566808,0.2540290456083137,1.0694147885918577,0.1009154889094679,0.3251591822155998
1.0,17.0,6.0,0.8999601568,0.03490631234376,0.6760402217142857,0.0497773631249999,0.8415445217332505,0.3458964795292696,1.0694147885918577,0.1009154889094679,0.3251591822155998
1.0,17.0,6.0,0.9100297344,0.0377855268061999,0.6674519353846153,0.0540815574193548,0.8509604917641671,0.3744274264984,1.0694147885918577,0.1009154889094679,0.3251591822155998
1.0,17.0,6.0,0.9400287794,0.0464019269911,0.6403320520000001,0.0677085648214285,0.8790123247105779,0.4598097625303836,1.0694147885918577,0.1009154889094679,0.3251591822155998
1.0,17.0,6.0,0.9599548712,0.053194247231,0.6211517746666667,0.0795625053928571,0.8976450311333471,0.5271167766795539,1.0694147885918577,0.1009154889094679,0.3251591822155998
1.0,17.0,6.0,0.989986998,0.0640663547,0.5872115831034483,0.1013615549666666,0.9257277985687448,0.634851551454846,1.0694147885918577,0.1009154889094679,0.3251591822155998
1.0,17.0,6.0,1.0099457294,0.07262151936,0.5599046612499999,0.1191366753076923,0.9443910259833204,0.7196270874250963,1.0694147885918577,0.1009154889094679,0.3251591822155998
1.0,17.0,6.0,1.050041162,0.09172870998,0.48878256375,0.178907943,0.9818838987467458,0.908965620354776,1.0694147885918577,0.1009154889094679,0.3251591822155998
1.0,17.0,6.0,1.0694147885918577,0.1009154889094679,0.3251591822155998,0.3251591822155998,1.0,1.0,1.0694147885918577,0.1009154889094679,0.3251591822155998
1.0,18.0,6.0,0.6500002402,0.003269968982193,0.8391837683870969,0.0052771188235294,0.6219020557478618,0.0329664271472422,1.0451810444947782,0.0991908819111005,0.3252541073649353
1.0,18.0,6.0,0.6699883119999999,0.003876229510171,0.8272427416129032,0.0065133661764705,0.641026083977499,0.039078486202442,1.0451810444947782,0.0991908819111005,0.3252541073649353
1.0,18.0,6.0,0.6899809408,0.0052816265688339,0.8151216428125,0.0085762236088235,0.6601544722173224,0.0532470975867271,1.0451810444947782,0.0991908819111005,0.3252541073649353
1.0,18.0,6.0,0.7099553293,0.006611361079452,0.8028167621875,0.0103059976117647,0.6792654086481063,0.0666529115587197,1.0451810444947782,0.0991908819111005,0.3252541073649353
1.0,18.0,6.0,0.7400030769000001,0.00959716656549,0.7835473321875,0.0144507719171428,0.7080142534135838,0.0967545240104975,1.0451810444947782,0.0991908819111005,0.3252541073649353
1.0,18.0,6.0,0.7600162094999999,0.0118177049877316,0.7703347809090908,0.0177574475,0.7271622591159583,0.1191410415961739,1.0451810444947782,0.0991908819111005,0.3252541073649353
1.0,18.0,6.0,0.7899349631000001,0.0160330202925319,0.7505480493939395,0.0233485501785714,0.7557876860289219,0.1616380455907372,1.0451810444947782,0.0991908819111005,0.3252541073649353
1.0,18.0,6.0,0.7999822633,0.017390061477464,0.742847102647059,0.0251415316363636,0.765400661936705,0.175319153761026,1.0451810444947782,0.0991908819111005,0.3252541073649353
1.0,18.0,6.0,0.8299795774000001,0.0230687021938,0.7200183947058825,0.0328437409999999,0.7941012533395085,0.2325687779898484,1.0451810444947782,0.0991908819111005,0.3252541073649353
1.0,18.0,6.0,0.8500093799,0.026815282611371,0.7051172659375,0.0394054701249999,0.8132652083361112,0.2703401975536835,1.0451810444947782,0.0991908819111005,0.3252541073649353
1.0,18.0,6.0,0.8800129487,0.03393940076864,0.6800889428571428,0.04946426625,0.8419717840609925,0.3421625064192702,1.0451810444947782,0.0991908819111005,0.3252541073649353
1.0,18.0,6.0,0.8899970811,0.03676422320929,0.6707547720000001,0.05467493,0.8515243227839141,0.3706411567369652,1.0451810444947782,0.0991908819111005,0.3252541073649353
1.0,18.0,6.0,0.9199614412,0.045442454058,0.6428418671428571,0.06878881696875,0.8801933847209149,0.4581313643196322,1.0451810444947782,0.0991908819111005,0.3252541073649353
1.0,18.0,6.0,0.9399916711999998,0.052005695536,0.6214116947826086,0.0808181788399999,0.8993577487375644,0.5242991546603037,1.0451810444947782,0.0991908819111005,0.3252541073649353
1.0,18.0,6.0,0.9800370336,0.06834904178,0.574468798888889,0.1127739794583333,0.9376720318093144,0.6890657736187646,1.0451810444947782,0.0991908819111005,0.3252541073649353
1.0,18.0,6.0,1.0199747010000002,0.08662135264,0.49991593875,0.1633482,0.9758832753162278,0.8732793878940819,1.0451810444947782,0.0991908819111005,0.3252541073649353
1.0,18.0,6.0,1.0299953889999998,0.09225961174,0.4761460222222222,0.1824643107692307,0.9854707894151306,0.9301219019575546,1.0451810444947782,0.0991908819111005,0.3252541073649353
1.0,18.0,6.0,1.0451810444947782,0.0991908819111005,0.3252541073649353,0.3252541073649353,1.0,1.0,1.0451810444947782,0.0991908819111005,0.3252541073649353
1.0,19.0,6.0,0.6400237666999999,0.002962212691018,0.8428841196774195,0.0050647861764705,0.626462028005475,0.0304641618769878,1.0216481416083631,0.0972359818392251,0.3297269312279778
1.0,19.0,6.0,0.6600154759345224,0.0042042453925714,0.8310223257666268,0.006665644517066,0.6460301243199751,0.0432375475934712,1.0216481416083631,0.0972359818392251,0.3297269312279778
1.0,19.0,6.0,0.6899956414999999,0.0062806118254734,0.8120558578124999,0.0095960179382352,0.6753750272708876,0.0645914373123529,1.0216481416083631,0.0972359818392251,0.3297269312279778
1.0,19.0,6.0,0.7099513654999999,0.00781236967455,0.798705764375,0.0120326013088235,0.6949079008574671,0.0803444314211519,1.0216481416083631,0.0972359818392251,0.3297269312279778
1.0,19.0,6.0,0.7299819530823786,0.0098475493486306,0.7852244731934733,0.0150151417299842,0.7145140517097995,0.1012747458539888,1.0216481416083631,0.0972359818392251,0.3297269312279778
1.0,19.0,6.0,0.7500694015000001,0.01215234617772,0.7724306484848484,0.01864886765625,0.7341758585486964,0.1249778728805691,1.0216481416083631,0.0972359818392251,0.3297269312279778
1.0,19.0,6.0,0.7800063320999999,0.01685892999711,0.7508362578787878,0.02500983875,0.7634784426583984,0.1733815988507773,1.0216481416083631,0.0972359818392251,0.3297269312279778
1.0,19.0,6.0,0.7900307222802254,0.0179334450050845,0.7429757835913312,0.0267551511738436,0.7732904217263036,0.1844321892562011,1.0216481416083631,0.0972359818392251,0.3297269312279778
1.0,19.0,6.0,0.8199723769,0.02375259467228,0.7200764982352942,0.0354532723939393,0.8025976297564948,0.2442778303154663,1.0216481416083631,0.0972359818392251,0.3297269312279778
1.0,19.0,6.0,0.8300630744999998,0.02558127761016,0.7122900863333333,0.03786942553125,0.8124745112277557,0.2630844788759101,1.0216481416083631,0.0972359818392251,0.3297269312279778
1.0,19.0,6.0,0.8599409750999999,0.03305348609015,0.6869599117241377,0.0493931679666666,0.8417193161495009,0.3399306045451601,1.0216481416083631,0.0972359818392251,0.3297269312279778
1.0,19.0,6.0,0.8800137071999999,0.038595925081,0.6685402500000001,0.05787511125,0.8613667185011559,0.3969304814015912,1.0216481416083631,0.0972359818392251,0.3297269312279778
1.0,19.0,6.0,0.9100284655,0.047886697788,0.6381775131034483,0.0737334163333333,0.8907454811862701,0.4924791921901739,1.0216481416083631,0.0972359818392251,0.3297269312279778
1.0,19.0,6.0,0.9200504106,0.051457167493,0.6278280553571428,0.0796126399629629,0.9005550669838056,0.5291988266039406,1.0216481416083631,0.0972359818392251,0.3297269312279778
1.0,19.0,6.0,0.9499642367,0.0630463441,0.5890521585714285,0.1058676940357142,0.9298350361646892,0.6483849178819834,1.0216481416083631,0.0972359818392251,0.3297269312279778
1.0,19.0,6.0,0.9599226296,0.06748656727,0.5787419116666667,0.11468421956,0.9395824163971074,0.694049322004952,1.0216481416083631,0.0972359818392251,0.3297269312279778
1.0,19.0,6.0,1.0000006,0.08652506759,0.504258188,0.17413686625,0.978811157455556,0.8898461860863907,1.0216481416083631,0.0972359818392251,0.3297269312279778
1.0,19.0,6.0,1.0216481416083631,0.0972359818392251,0.3297269312279778,0.3297269312279778,1.0,1.0,1.0216481416083631,0.0972359818392251,0.3297269312279778
1.0,20.0,6.0,0.6399703965000001,0.003526446940249,0.8416508054838708,0.0058605894117647,0.6371606734331459,0.0363690056112007,1.004409755943842,0.0969629738560391,0.3284994422748541
1.0,20.0,6.0,0.6600442189,0.004572977743385,0.8283759354838708,0.0076895844117647,0.6571463638161873,0.0471621028267398,1.004409755943842,0.0969629738560391,0.3284994422748541
1.0,20.0,6.0,0.6799976179999999,0.006261686898835,0.8157732459375,0.0097662826470588,0.6770121596051278,0.0645781234817707,1.004409755943842,0.0969629738560391,0.3284994422748541
1.0,20.0,6.0,0.6999636079,0.0079371693755445,0.8022277053333332,0.012159834434375,0.6968904909154785,0.0818577345547261,1.004409755943842,0.0969629738560391,0.3284994422748541
1.0,20.0,6.0,0.7299949153999999,0.0109555906343369,0.7813650457575758,0.0166626883484848,0.7267899491020227,0.1129873620687692,1.004409755943842,0.0969629738560391,0.3284994422748541
1.0,20.0,6.0,0.7400430651793526,0.0124933737631014,0.7746546239669421,0.0194284594628099,0.7367939835310893,0.1288468501559194,1.004409755943842,0.0969629738560391,0.3284994422748541
1.0,20.0,6.0,0.7700397398,0.016724480469342,0.7521789955172413,0.0251449704999999,0.7666589608903142,0.1724831634616821,1.004409755943842,0.0969629738560391,0.3284994422748541
1.0,20.0,6.0,0.7799731864,0.018621980867463,0.7439044618749999,0.0280969374242424,0.7765487957323359,0.1920524931002121,1.004409755943842,0.0969629738560391,0.3284994422748541
1.0,20.0,6.0,0.810005262,0.024256932706996,0.7202354561764706,0.0366160561212121,0.8064490186466174,0.2501669631442024,1.004409755943842,0.0969629738560391,0.3284994422748541
1.0,20.0,6.0,0.8199404208366693,0.0264100548401721,0.7110506738709677,0.0400690306551724,0.8163405582079126,0.2723725747044753,1.004409755943842,0.0969629738560391,0.3284994422748541
1.0,20.0,6.0,0.8499861876999999,0.03393627273898,0.6841224137931036,0.052153710275862,0.8462544122754656,0.3499920783098626,1.004409755943842,0.0969629738560391,0.3284994422748541
1.0,20.0,6.0,0.8600507714,0.0366004152786,0.6751637927999999,0.056417209090909,0.8562748084737706,0.3774679532100637,1.004409755943842,0.0969629738560391,0.3284994422748541
1.0,20.0,6.0,0.8900174567,0.0460306000246,0.6329559345454546,0.0747835104,0.8861099281773226,0.4747234763337769,1.004409755943842,0.0969629738560391,0.3284994422748541
1.0,20.0,6.0,0.9000174579000001,0.049300386511,0.632740614827586,0.0789802615925925,0.8960660254183367,0.5084454874929504,1.004409755943842,0.0969629738560391,0.3284994422748541
1.0,20.0,6.0,0.9300600847,0.06070879776,0.5959525178260868,0.1035374414999999,0.9259767532086784,0.6261028859339065,1.004409755943842,0.0969629738560391,0.3284994422748541
1.0,20.0,6.0,0.9499710781,0.0697975585399999,0.566585857826087,0.1226391661481481,0.945800329475408,0.7198372302774905,1.004409755943842,0.0969629738560391,0.3284994422748541
1.0,20.0,6.0,0.9800123554,0.0847350424199999,0.5124618645454546,0.1692604472,0.9757097136905885,0.873890713642983,1.004409755943842,0.0969629738560391,0.3284994422748541
1.0,20.0,6.0,0.9900155302,0.0895551763799999,0.4781356570588235,0.1776408284375,0.9856689705982437,0.9236017916793936,1.004409755943842,0.0969629738560391,0.3284994422748541
1.0,20.0,6.0,1.004409755943842,0.0969629738560391,0.3284994422748541,0.3284994422748541,1.0,1.0,1.004409755943842,0.0969629738560391,0.3284994422748541
1.0,21.0,6.0,0.6399992992,0.0040201960771515,0.8391975681249999,0.0069793767647058,0.6490162315610533,0.042085009995744,0.9861067691028848,0.0955256058524889,0.331423809775221
1.0,21.0,6.0,0.6599530023000001,0.005411277540824,0.8263319829032258,0.0088557061764705,0.6692510618301458,0.0566474035158711,0.9861067691028848,0.0955256058524889,0.331423809775221
1.0,21.0,6.0,0.6800500599999999,0.0069522554327692,0.8123045546875001,0.0112969736823529,0.6896312664182183,0.0727789724098155,0.9861067691028848,0.0955256058524889,0.331423809775221
1.0,21.0,6.0,0.7000013590999999,0.0087461700786676,0.798500864375,0.0138858292058823,0.7098636588174214,0.0915583837507764,0.9861067691028848,0.0955256058524889,0.331423809775221
1.0,21.0,6.0,0.7199956742,0.011134396703815,0.784620715757576,0.0172675917090909,0.7301396732678546,0.1165592890455862,0.9861067691028848,0.0955256058524889,0.331423809775221
1.0,21.0,6.0,0.739967346,0.013801522638376,0.7695841809090909,0.0212109543636363,0.7503927253974626,0.1444798231344209,0.9861067691028848,0.0955256058524889,0.331423809775221
1.0,21.0,6.0,0.7599814995999999,0.0168271521698798,0.753934356969697,0.02574758671875,0.7706888578519714,0.176153315330597,0.9861067691028848,0.0955256058524889,0.331423809775221
1.0,21.0,6.0,0.769929401,0.018745929577291,0.7458322731034485,0.0286430711666666,0.7807769149586579,0.1962398396743859,0.9861067691028848,0.0955256058524889,0.331423809775221
1.0,21.0,6.0,0.8000105262000001,0.024590945042598,0.7208518273529412,0.0380574001515151,0.8112818522965961,0.2574277841333082,0.9861067691028848,0.0955256058524889,0.331423809775221
1.0,21.0,6.0,0.8099969635,0.0268647994881219,0.7117647526666667,0.0419647392692307,0.8214089882345078,0.2812313960050319,0.9861067691028848,0.0955256058524889,0.331423809775221
1.0,21.0,6.0,0.8399426702,0.034594501308412,0.6837845336666665,0.0539917232258064,0.8517765991649584,0.3621489861245475,0.9861067691028848,0.0955256058524889,0.331423809775221
1.0,21.0,6.0,0.8499835862,0.03757608141779,0.6750793453846154,0.0594005509090909,0.8619589813517623,0.3933613514664871,0.9861067691028848,0.0955256058524889,0.331423809775221
1.0,21.0,6.0,0.8800692443,0.0474124632556,0.6410939751724138,0.07668292,0.8924685154536026,0.4963325051171573,0.9861067691028848,0.0955256058524889,0.331423809775221
1.0,21.0,6.0,0.889972992,0.0505943714299999,0.6300942939999999,0.0819127215,0.9025117967800356,0.5296419842458573,0.9861067691028848,0.0955256058524889,0.331423809775221
1.0,21.0,6.0,0.9199849589,0.063011856921,0.5910386293103449,0.11151087804,0.9329466014486044,0.6596331565622647,0.9861067691028848,0.0955256058524889,0.331423809775221
1.0,21.0,6.0,0.9300162246,0.0672003688,0.5734682417391305,0.1236186797499999,0.9431191973725996,0.7034801632535168,0.9861067691028848,0.0955256058524889,0.331423809775221
1.0,21.0,6.0,0.9600228577,0.08123621642,0.5167079786363636,0.1579637139583333,0.9735485930934084,0.8504129934066615,0.9861067691028848,0.0955256058524889,0.331423809775221
1.0,21.0,6.0,0.9699684787,0.08699555055,0.4934468147368421,0.1790202833333333,0.9836343376716026,0.9107039916013612,0.9861067691028848,0.0955256058524889,0.331423809775221
1.0,21.0,6.0,0.9861067691028848,0.0955256058524889,0.331423809775221,0.331423809775221,1.0,1.0,0.9861067691028848,0.0955256058524889,0.331423809775221
1.0,22.0,6.0,0.6200219778,0.0032824486289519,0.850647341,0.0058088827852941,0.6392701067809323,0.0348501215546089,0.9698904597966312,0.0941875804883038,0.3332671543721481
1.0,22.0,6.0,0.6399954985999999,0.0044325012509679,0.8376785425806451,0.0076677402941176,0.6598636909308249,0.0470603579366637,0.9698904597966312,0.0941875804883038,0.3332671543721481
1.0,22.0,6.0,0.6599837520999999,0.006010093963668,0.8230619645161291,0.0096469635294117,0.6804724651466174,0.0638098349326887,0.9698904597966312,0.0941875804883038,0.3332671543721481
1.0,22.0,6.0,0.6799620322,0.0077650815120847,0.8094493721875001,0.0126399829117647,0.701070956345499,0.0824427325962467,0.9698904597966312,0.0941875804883038,0.3332671543721481
1.0,22.0,6.0,0.6900028590000001,0.008463264914604,0.8025666444827588,0.0138032483484848,0.7114234932723036,0.089855423302385,0.9698904597966312,0.0941875804883038,0.3332671543721481
1.0,22.0,6.0,0.7099949068,0.0108492254734792,0.787370746060606,0.0174101421090909,0.7320361795793654,0.1151874314769818,0.9698904597966312,0.0941875804883038,0.3332671543721481
1.0,22.0,6.0,0.7300430462,0.013401978843865,0.7724860345454545,0.0210156807151515,0.7527066988091388,0.1422902974509389,0.9698904597966312,0.0941875804883038,0.3332671543721481
1.0,22.0,6.0,0.7499965849,0.01690572169086,0.756569926969697,0.026392006875,0.7732796805293465,0.1794899242895336,0.9698904597966312,0.0941875804883038,0.3332671543721481
1.0,22.0,6.0,0.7700351537000001,0.02059822334121,0.7398874015151515,0.03164907484375,0.7939403320468403,0.2186936243018567,0.9698904597966312,0.0941875804883038,0.3332671543721481
1.0,22.0,6.0,0.7900038879,0.0246669148263319,0.7230152002941176,0.0384672046666666,0.8145289810002355,0.261891373559543,0.9698904597966312,0.0941875804883038,0.3332671543721481
1.0,22.0,6.0,0.8000308129000001,0.02712368617312,0.7137124921212122,0.042016144060606,0.8248671845558233,0.2879751877317649,0.9698904597966312,0.0941875804883038,0.3332671543721481
1.0,22.0,6.0,0.8300073025,0.034695566785485,0.6850673388235295,0.055089434137931,0.8557742723585896,0.3683666849239587,0.9698904597966312,0.0941875804883038,0.3332671543721481
1.0,22.0,6.0,0.8399794347000001,0.0379304168226,0.674525816060606,0.0597134492424242,0.8660559821117623,0.4027114469440075,0.9698904597966312,0.0941875804883038,0.3332671543721481
1.0,22.0,6.0,0.8699939161999999,0.0469724761279,0.6387180291428572,0.07757103375,0.8970022412452867,0.4987119945578498,0.9698904597966312,0.0941875804883038,0.3332671543721481
1.0,22.0,6.0,0.8800178248,0.0514029255909999,0.627492188695652,0.0858352849285714,0.9073373347589418,0.5457505684349022,0.9698904597966312,0.0941875804883038,0.3332671543721481
1.0,22.0,6.0,0.9200023406,0.06876103183,0.5701432809090908,0.1276457009629629,0.9485631406178674,0.7300435097017779,0.9698904597966312,0.0941875804883038,0.3332671543721481
1.0,22.0,6.0,0.9399987315,0.07809568855,0.5287724423809523,0.1550737475217391,0.9691803048532934,0.8291505965555397,0.9698904597966312,0.0941875804883038,0.3332671543721481
1.0,22.0,6.0,0.9500492626,0.08380833084,0.511960509,0.1702800217647058,0.9795428473429962,0.8898023540418614,0.9698904597966312,0.0941875804883038,0.3332671543721481
1.0,22.0,6.0,0.9698904597966312,0.0941875804883038,0.3332671543721481,0.3332671543721481,1.0,1.0,0.9698904597966312,0.0941875804883038,0.3332671543721481
1.0,23.0,6.0,0.6200033472238665,0.0040233079438901,0.8495032456349206,0.0067072346081932,0.6500903378105741,0.0437416994673277,0.953718754399524,0.0919787752392943,0.3350423454242144
1.0,23.0,6.0,0.6400368194,0.0048870454808923,0.8356167356249999,0.008551274117647,0.6710959771394839,0.0531323174088591,0.953718754399524,0.0919787752392943,0.3350423454242144
1.0,23.0,6.0,0.6599645783,0.006640725682538,0.8215898080645161,0.0109260694117647,0.6919907732290782,0.0721984573643356,0.953718754399524,0.0919787752392943,0.3350423454242144
1.0,23.0,6.0,0.6700055793,0.0073988816670989,0.8139032917647059,0.0118874415625,0.702519035312298,0.0804411849130387,0.953718754399524,0.0919787752392943,0.3350423454242144
1.0,23.0,6.0,0.6900137905,0.00943306648699,0.798799365862069,0.0153117714354838,0.7234981878220936,0.1025569916804034,0.953718754399524,0.0919787752392943,0.3350423454242144
1.0,23.0,6.0,0.7099849343999999,0.012351820555434,0.7840379057575758,0.0196790589848484,0.7444384742617516,0.1342899002873129,0.953718754399524,0.0919787752392943,0.3350423454242144
1.0,23.0,6.0,0.7299931819000001,0.015115485892203,0.7684270690909091,0.0236701957575757,0.7654176648330828,0.1643366728125936,0.953718754399524,0.0919787752392943,0.3350423454242144
1.0,23.0,6.0,0.7500572011000001,0.018243092973082,0.7511800645161293,0.029361924090909,0.7864553335456296,0.1983402467103993,0.953718754399524,0.0919787752392943,0.3350423454242144
1.0,23.0,6.0,0.7600014864,0.020735623320249,0.7427634055555556,0.0328496763636363,0.7968821865923237,0.2254392197145774,0.953718754399524,0.0919787752392943,0.3350423454242144
1.0,23.0,6.0,0.7800465269,0.0245131057994258,0.7249068113333335,0.0387569356206896,0.817899955622797,0.2665082866743103,0.953718754399524,0.0919787752392943,0.3350423454242144
1.0,23.0,6.0,0.8000042287,0.029173838578799,0.7056808209677422,0.0461024466363636,0.8388261476557572,0.3171801157701829,0.953718754399524,0.0919787752392943,0.3350423454242144
1.0,23.0,6.0,0.8199611880000001,0.03500616214064,0.6857435266666667,0.0573339319062499,0.8597515611573143,0.3805895659032976,0.953718754399524,0.0919787752392943,0.3350423454242144
1.0,23.0,6.0,0.8300308205000001,0.03786395119554,0.6752174010714285,0.0618408821111111,0.8703098441454056,0.4116596584052374,0.953718754399524,0.0919787752392943,0.3350423454242144
1.0,23.0,6.0,0.859976334,0.0476909370751,0.6405499984615385,0.0796598337931034,0.9017085278368614,0.518499370654002,0.953718754399524,0.0919787752392943,0.3350423454242144
1.0,23.0,6.0,0.8700263278999999,0.0522832177,0.6290693808000001,0.0888411646153846,0.912246219219818,0.5684269828988119,0.953718754399524,0.0919787752392943,0.3350423454242144
1.0,23.0,6.0,0.8899995816999999,0.0598764619599999,0.5980385756,0.1097730688095238,0.9331887179468934,0.6509812921972898,0.953718754399524,0.0919787752392943,0.3350423454242144
1.0,23.0,6.0,0.900018653,0.06440039007,0.5831705744827586,0.1159382043333333,0.9436939861444432,0.700165770879796,0.953718754399524,0.0919787752392943,0.3350423454242144
1.0,23.0,6.0,0.9300524186,0.07937819419,0.5188131136363636,0.1642409907727272,0.975185204558104,0.8630055573526358,0.953718754399524,0.0919787752392943,0.3350423454242144
1.0,23.0,6.0,0.9400594591,0.08500828804,0.4915937366666666,0.1901797,0.9856778581353116,0.9242163512053764,0.953718754399524,0.0919787752392943,0.3350423454242144
1.0,23.0,6.0,0.953718754399524,0.0919787752392943,0.3350423454242144,0.3350423454242144,1.0,1.0,0.953718754399524,0.0919787752392943,0.3350423454242144
1.0,24.0,6.0,0.6200219825,0.0040764506322,0.8482956086666665,0.0073654085470588,0.6587236195615795,0.0447093076764178,0.9412475340001656,0.0911767782606517,0.337438510607666
1.0,24.0,6.0,0.6299958097999999,0.0045458572165554,0.8408318499999999,0.0082133744371428,0.6693200109886175,0.0498576205836087,0.9412475340001656,0.0911767782606517,0.337438510607666
1.0,24.0,6.0,0.6499914282,0.006433747691123,0.8264703141935483,0.010568075,0.6905637515326395,0.0705634462399024,0.9412475340001656,0.0911767782606517,0.337438510607666
1.0,24.0,6.0,0.6699829928000001,0.008324706109127,0.8114943222580644,0.0134927717647058,0.7118031852393487,0.0913029201945339,0.9412475340001656,0.0911767782606517,0.337438510607666
1.0,24.0,6.0,0.6899864942999999,0.0106329506160754,0.796249424375,0.0168317800058823,0.733055300944755,0.1166190648421294,0.9412475340001656,0.0911767782606517,0.337438510607666
1.0,24.0,6.0,0.6999113724,0.0118362603895019,0.7878675081818182,0.0193963830516129,0.7435996877733938,0.1298166113707701,0.9412475340001656,0.0911767782606517,0.337438510607666
1.0,24.0,6.0,0.7200157687,0.014926861500303,0.7718230793939393,0.0236477514242424,0.7649589961102339,0.1637134123957618,0.9412475340001656,0.0911767782606517,0.337438510607666
1.0,24.0,6.0,0.73998411,0.01813306178007,0.7552445971428571,0.0291026095454545,0.7861737569236169,0.1988780709955784,0.9412475340001656,0.0911767782606517,0.337438510607666
1.0,24.0,6.0,0.7599833119999999,0.0219782691955499,0.7369761057575758,0.0351605190625,0.8074213047551699,0.2410511713050389,0.9412475340001656,0.0911767782606517,0.337438510607666
1.0,24.0,6.0,0.7700403285,0.0241473832613379,0.7280731293939393,0.0388107429666666,0.8181060780339474,0.2648413743278639,0.9412475340001656,0.0911767782606517,0.337438510607666
1.0,24.0,6.0,0.7900825957000001,0.02911493354109,0.7083346048387099,0.0468577413125,0.8393993791859019,0.3193239999976491,0.9412475340001656,0.0911767782606517,0.337438510607666
1.0,24.0,6.0,0.8099575773999999,0.03483655559205,0.6889180562068965,0.0566836962857142,0.8605149529133931,0.3820770623465216,0.9412475340001656,0.0911767782606517,0.337438510607666
1.0,24.0,6.0,0.8199977169,0.037968335919859,0.6773439703448275,0.061233346037037,0.8711817957335076,0.4164255048727098,0.9412475340001656,0.0911767782606517,0.337438510607666
1.0,24.0,6.0,0.8399825590000001,0.044622349814,0.6541649503448276,0.074912824137931,0.8924140873232315,0.4894047658323243,0.9412475340001656,0.0911767782606517,0.337438510607666
1.0,24.0,6.0,0.8599784079000001,0.051734686789,0.628240793076923,0.0887090304,0.9136580727550132,0.5674107791032429,0.9412475340001656,0.0911767782606517,0.337438510607666
1.0,24.0,6.0,0.8800214699,0.060539914917,0.59955084,0.1101293635862068,0.9349522183182104,0.6639839230108731,0.9412475340001656,0.0911767782606517,0.337438510607666
1.0,24.0,6.0,0.8900418359,0.06484454875,0.581461015,0.1200593692083333,0.9455980533807627,0.7111958767025699,0.9412475340001656,0.0911767782606517,0.337438510607666
1.0,24.0,6.0,0.9099951425,0.07477979964,0.5404811104166667,0.1542646923448275,0.9667968410314476,0.8201627768226597,0.9412475340001656,0.0911767782606517,0.337438510607666
1.0,24.0,6.0,0.9200123753,0.08054535145,0.5268792411111111,0.1710270438461538,0.9774393473203384,0.8833976478061213,0.9412475340001656,0.0911767782606517,0.337438510607666
1.0,24.0,6.0,0.9412475340001656,0.0911767782606517,0.337438510607666,0.337438510607666,1.0,1.0,0.9412475340001656,0.0911767782606517,0.337438510607666
1.0,25.0,6.0,0.6199952135999999,0.004611946852476,0.8468244733333333,0.0079790294852941,0.6686583439422907,0.0513908277832352,0.9272227277455604,0.0897426068311068,0.3399765875817965
1.0,25.0,6.0,0.6300081537999999,0.0050547070653923,0.8390117925,0.0092847633548387,0.6794571950709136,0.0563244956200695,0.9272227277455604,0.0897426068311068,0.3399765875817965
1.0,25.0,6.0,0.6500085408,0.006867995971027,0.8244610793548385,0.0114856638235294,0.7010274029632816,0.0765299361534302,0.9272227277455604,0.0897426068311068,0.3399765875817965
1.0,25.0,6.0,0.6700273459999999,0.0088633210734296,0.8088478051612902,0.0147048361764705,0.722617474691434,0.098763802238441,0.9272227277455604,0.0897426068311068,0.3399765875817965
1.0,25.0,6.0,0.680009938,0.010357436349365,0.8013498309375,0.0166810915529411,0.7333835956042288,0.1154126976594007,0.9272227277455604,0.0897426068311068,0.3399765875817965
1.0,25.0,6.0,0.7000203018,0.0126789842190835,0.7843839060606062,0.020817513148387,0.7549645633708979,0.1412816572505522,0.9272227277455604,0.0897426068311068,0.3399765875817965
1.0,25.0,6.0,0.7199869472,0.016330742855276,0.767980899,0.0264463593636363,0.7764983813010804,0.1819731277252735,0.9272227277455604,0.0897426068311068,0.3399765875817965
1.0,25.0,6.0,0.7299618417,0.018035377735594,0.7591428097058823,0.028912799,0.7872562005407499,0.200967838716075,0.9272227277455604,0.0897426068311068,0.3399765875817965
1.0,25.0,6.0,0.7499745939,0.021732300967597,0.740777173030303,0.03436447421875,0.8088397441718026,0.2421625773418484,0.9272227277455604,0.0897426068311068,0.3399765875817965
1.0,25.0,6.0,0.7699493215000001,0.026509560174002,0.7217311785294119,0.0420273563333333,0.8303822786700309,0.295395477244073,0.9272227277455604,0.0897426068311068,0.3399765875817965
1.0,25.0,6.0,0.7799740478999999,0.0286412273183099,0.711838556451613,0.0466432790882353,0.8411938410919032,0.3191485998641863,0.9272227277455604,0.0897426068311068,0.3399765875817965
1.0,25.0,6.0,0.7999920056,0.034566512345976,0.6908132317647058,0.0566907646562499,0.8627829988001827,0.385173927597504,0.9272227277455604,0.0897426068311068,0.3399765875817965
1.0,25.0,6.0,0.8100106932,0.037434794633234,0.67902084,0.062304731030303,0.8735880484395065,0.4171351374234681,0.9272227277455604,0.0897426068311068,0.3399765875817965
1.0,25.0,6.0,0.8400012277,0.04829550813,0.6437648729032258,0.0812912035714285,0.9059325257722814,0.5381558418610556,0.9272227277455604,0.0897426068311068,0.3399765875817965
1.0,25.0,6.0,0.8500426478170477,0.0513502259567567,0.6322050961538461,0.08818809375,0.9167620921931374,0.5721944990231503,0.9272227277455604,0.0897426068311068,0.3399765875817965
1.0,25.0,6.0,0.8699923408999999,0.06031760306,0.6009925252631578,0.1108535548148148,0.9382776272269449,0.6721177954359642,0.9272227277455604,0.0897426068311068,0.3399765875817965
1.0,25.0,6.0,0.8799796861999999,0.0651883016,0.5840876146153847,0.1244797468499999,0.9490488745240028,0.7263918878875744,0.9272227277455604,0.0897426068311068,0.3399765875817965
1.0,25.0,6.0,0.8999944105000001,0.0749330149799999,0.539786425,0.1561608144,0.9706345450442496,0.8349770262526678,0.9272227277455604,0.0897426068311068,0.3399765875817965
1.0,25.0,6.0,0.9099393661,0.0805285741799999,0.5143026775000001,0.1892472516086956,0.9813600754938536,0.8973282259512757,0.9272227277455604,0.0897426068311068,0.3399765875817965
1.0,25.0,6.0,0.9272227277455604,0.0897426068311068,0.3399765875817965,0.3399765875817965,1.0,1.0,0.9272227277455604,0.0897426068311068,0.3399765875817965
1.0,26.0,6.0,0.6200241290627585,0.0048070990925457,0.8451234547619045,0.0085387545483193,0.6768956902301226,0.0543629080582071,0.9159817945538556,0.0884260843330653,0.3384450323849334
1.0,26.0,6.0,0.6299687623000001,0.0058384633149584,0.837408421764706,0.0100651560099999,0.6877524925119686,0.0660264825587806,0.9159817945538556,0.0884260843330653,0.3384450323849334
1.0,26.0,6.0,0.6499826044,0.0075295507882657,0.8220780061290321,0.0125544197058823,0.7096020993698734,0.0851507883115679,0.9159817945538556,0.0884260843330653,0.3384450323849334
1.0,26.0,6.0,0.6599703149,0.0083938604572344,0.8141910926470588,0.014056223125,0.7205059301658389,0.0949251628695682,0.9159817945538556,0.0884260843330653,0.3384450323849334
1.0,26.0,6.0,0.6799829027,0.011002955840192,0.7977685103125001,0.0182805573823529,0.7423541676733838,0.1244311101546497,0.9159817945538556,0.0884260843330653,0.3384450323849334
1.0,26.0,6.0,0.6999784740000001,0.013783284204998,0.7811152650000001,0.0231579487764705,0.7641838278466402,0.1558735107288245,0.9159817945538556,0.0884260843330653,0.3384450323849334
1.0,26.0,6.0,0.7100098873,0.0153695538423323,0.7718311763636363,0.0255496826666666,0.7751353700712167,0.173812444124987,0.9159817945538556,0.0884260843330653,0.3384450323849334
1.0,26.0,6.0,0.7299739637,0.01909132308002,0.7543859868965517,0.0310867198666666,0.7969306464824949,0.2159014868068873,0.9159817945538556,0.0884260843330653,0.3384450323849334
1.0,26.0,6.0,0.7500157268000001,0.02349600239315,0.7358146854545454,0.03840950953125,0.8188107353872768,0.2657134777635302,0.9159817945538556,0.0884260843330653,0.3384450323849334
1.0,26.0,6.0,0.7600620642999999,0.0258728613142499,0.7256021606060605,0.04233809734375,0.8297785707304378,0.2925930907083626,0.9159817945538556,0.0884260843330653,0.3384450323849334
1.0,26.0,6.0,0.7800053674999999,0.03081697845725,0.7047211268965519,0.0512711880344827,0.8515511685250411,0.3485055194932629,0.9159817945538556,0.0884260843330653,0.3384450323849334
1.0,26.0,6.0,0.7900340792999999,0.033639467669076,0.6940516024137934,0.0563432052962963,0.8624997614551928,0.3804247120382458,0.9159817945538556,0.0884260843330653,0.3384450323849334
1.0,26.0,6.0,0.8100188716999999,0.04007722491322,0.6707191978125,0.06741727703125,0.8843176540364901,0.4532285378855554,0.9159817945538556,0.0884260843330653,0.3384450323849334
1.0,26.0,6.0,0.8299962153,0.047300631153,0.6436855371428571,0.082201715625,0.9061274145784344,0.534917174154604,0.9159817945538556,0.0884260843330653,0.3384450323849334
1.0,26.0,6.0,0.8400092096,0.050922964247,0.63216411,0.0906868371428571,0.9170588483247536,0.5758817053935554,0.9159817945538556,0.0884260843330653,0.3384450323849334
1.0,26.0,6.0,0.869974093,0.06413507341,0.5829098834782609,0.1228793332399999,0.9497722533052476,0.7252958659622325,0.9159817945538556,0.0884260843330653,0.3384450323849334
1.0,26.0,6.0,0.88998886,0.07461901033,0.5426824833333334,0.1636552495,0.9716228698993784,0.8438574532933106,0.9159817945538556,0.0884260843330653,0.3384450323849334
1.0,26.0,6.0,0.9000091290999999,0.0794480445999999,0.5001036095238094,0.176900791875,0.9825622457249432,0.8984684236469327,0.9159817945538556,0.0884260843330653,0.3384450323849334
1.0,26.0,6.0,0.9159817945538556,0.0884260843330653,0.3384450323849334,0.3384450323849334,1.0,1.0,0.9159817945538556,0.0884260843330653,0.3384450323849334
1.0,27.0,6.0,0.5999843381,0.0039141516728952,0.8587577670588235,0.0072150425433333,0.6627075883362099,0.0445692647862744,0.9053530526281092,0.0878217689177722,0.342399865882552
1.0,27.0,6.0,0.620014321,0.0052452188101974,0.8434183899999999,0.0093360295147058,0.6848315352780752,0.0597257248952536,0.9053530526281092,0.0878217689177722,0.342399865882552
1.0,27.0,6.0,0.6300575835,0.006181534185109,0.8357615427027026,0.0106048075647058,0.6959247352963949,0.07038726572334,0.9053530526281092,0.0878217689177722,0.342399865882552
1.0,27.0,6.0,0.6500026566,0.008078373177686,0.8200500880645161,0.0140502744117647,0.7179548958421648,0.0919859993397514,0.9053530526281092,0.0878217689177722,0.342399865882552
1.0,27.0,6.0,0.6600191062,0.0093693981703963,0.8118339487096775,0.0157606667647058,0.7290184799002554,0.1066865116229769,0.9053530526281092,0.0878217689177722,0.342399865882552
1.0,27.0,6.0,0.680031910521444,0.0118127534132489,0.7950978137886597,0.0198757813614311,0.7511234523895507,0.134508260979225,0.9053530526281092,0.0878217689177722,0.342399865882552
1.0,27.0,6.0,0.6900038336,0.013149755209414,0.7863015493548388,0.0219577162580645,0.7621378550577793,0.1497322972590788,0.9053530526281092,0.0878217689177722,0.342399865882552
1.0,27.0,6.0,0.7099770830000001,0.0165877012136165,0.7688893990909093,0.0276747108484848,0.7841991374956313,0.1888791516958354,0.9053530526281092,0.0878217689177722,0.342399865882552
1.0,27.0,6.0,0.7300120377,0.020249364019428,0.7496243727586208,0.033633444,0.806328575996823,0.2305734018906809,0.9053530526281092,0.0878217689177722,0.342399865882552
1.0,27.0,6.0,0.7400033701000001,0.022636553294439,0.7401512490909091,0.03796427984375,0.8173644170656709,0.2577556063079722,0.9053530526281092,0.0878217689177722,0.342399865882552
1.0,27.0,6.0,0.7600265,0.027335861232662,0.720164871764706,0.045411977090909,0.8394807945847786,0.3112652087235529,0.9053530526281092,0.0878217689177722,0.342399865882552
1.0,27.0,6.0,0.7699669099,0.0302445550086539,0.7092674066666667,0.05078218690625,0.850460389640149,0.3443856276337587,0.9053530526281092,0.0878217689177722,0.342399865882552
1.0,27.0,6.0,0.7900193034,0.03629541752852,0.6874491393333333,0.061911188032258,0.8726090900192892,0.4132849745090368,0.9053530526281092,0.0878217689177722,0.342399865882552
1.0,27.0,6.0,0.7999970416,0.0396039966172,0.6751077764516131,0.0666128732258064,0.8836299157303596,0.45095876688935,0.9053530526281092,0.0878217689177722,0.342399865882552
1.0,27.0,6.0,0.8200043316,0.0471240952699,0.6503842511764707,0.082302137125,0.9057287974228904,0.5365878625608469,0.9053530526281092,0.0878217689177722,0.342399865882552
1.0,27.0,6.0,0.8299475383000001,0.0502669820569,0.6352147292307693,0.0903532365517241,0.91671148165987,0.5723749666664667,0.9053530526281092,0.0878217689177722,0.342399865882552
1.0,27.0,6.0,0.8500019670999999,0.0589306643599999,0.6021647630769232,0.1118843333333333,0.9388624301122828,0.6710257045172577,0.9053530526281092,0.0878217689177722,0.342399865882552
1.0,27.0,6.0,0.8600040405,0.06369890259,0.5852751922727273,0.123010710076923,0.9499101350611592,0.7253201953793652,0.9053530526281092,0.0878217689177722,0.342399865882552
1.0,27.0,6.0,0.8800390095,0.07381589754,0.5430663079999999,0.1556173342666666,0.9720395893572942,0.8405193660937763,0.9053530526281092,0.0878217689177722,0.342399865882552
1.0,27.0,6.0,0.8900299877513711,0.0798479627970749,0.5147309037037037,0.1983470659259259,0.9830750392542916,0.9092046742059684,0.9053530526281092,0.0878217689177722,0.342399865882552
1.0,27.0,6.0,0.9053530526281092,0.0878217689177722,0.342399865882552,0.342399865882552,1.0,1.0,0.9053530526281092,0.0878217689177722,0.342399865882552
1.0,28.0,6.0,0.6000314325,0.004211945885929,0.8573712757575758,0.0076315972933333,0.668243196684794,0.0476570498449039,0.8979237431474082,0.0883803319684379,0.340655123895514
1.0,28.0,6.0,0.6200057625960717,0.005548101338852,0.8421264060975611,0.0096991012517934,0.6904882149822917,0.0627752941778191,0.8979237431474082,0.0883803319684379,0.340655123895514
1.0,28.0,6.0,0.6300293271999999,0.006500783248296,0.834030432,0.0115848980785714,0.7016512616000297,0.0735546371405069,0.8979237431474082,0.0883803319684379,0.340655123895514
1.0,28.0,6.0,0.6499780906,0.0086419395660461,0.8180541170967743,0.0147963879411764,0.7238678067713106,0.0977812526109574,0.8979237431474082,0.0883803319684379,0.340655123895514
1.0,28.0,6.0,0.6600170465999999,0.009843796296986,0.8090698022580644,0.0166944811764705,0.7350479944839233,0.1113799425476404,0.8979237431474082,0.0883803319684379,0.340655123895514
1.0,28.0,6.0,0.6799961189,0.0126422044861409,0.7920004549999999,0.0210389833058823,0.757298294080601,0.1430431885077739,0.8979237431474082,0.0883803319684379,0.340655123895514
1.0,28.0,6.0,0.6900452254,0.01413077070345,0.7828814490625,0.0240694053705882,0.768489786205284,0.1598859201897582,0.8979237431474082,0.0883803319684379,0.340655123895514
1.0,28.0,6.0,0.7099835503999999,0.017515561609359,0.7644227336363637,0.0292136567878787,0.7906947063359311,0.1981839309634421,0.8979237431474082,0.0883803319684379,0.340655123895514
1.0,28.0,6.0,0.7200101935000001,0.01954867059301,0.7547490193939393,0.0325582764333333,0.801861181414154,0.2211880195244249,0.8979237431474082,0.0883803319684379,0.340655123895514
1.0,28.0,6.0,0.7399892014999999,0.023982921303145,0.7352328715151516,0.04065084765625,0.8241114094011869,0.2713603894553111,0.8979237431474082,0.0883803319684379,0.340655123895514
1.0,28.0,6.0,0.7499948354,0.0264555591437219,0.724749226551724,0.0444556764516129,0.8352544869468683,0.2993376303810402,0.8979237431474082,0.0883803319684379,0.340655123895514
1.0,28.0,6.0,0.7700249429,0.0324819039041699,0.7031150159375,0.05481929896875,0.857561623441322,0.3675241219479661,0.8979237431474082,0.0883803319684379,0.340655123895514
1.0,28.0,6.0,0.7800089841000001,0.0351735877933249,0.691723779,0.0595455356666666,0.8686806536219963,0.3979798107783299,0.8979237431474082,0.0883803319684379,0.340655123895514
1.0,28.0,6.0,0.7900239085999999,0.03812424714899,0.6783048831034482,0.0659795994482758,0.8798340779260418,0.4313657382799242,0.8979237431474082,0.0883803319684379,0.340655123895514
1.0,28.0,6.0,0.8100182029,0.0456090166324,0.6538617476470588,0.08041490071875,0.9021013299645234,0.5160539185198778,0.8979237431474082,0.0883803319684379,0.340655123895514
1.0,28.0,6.0,0.8199611063000001,0.0491825579133,0.638534815,0.0895975264285714,0.9131745457870032,0.5564875896920586,0.8979237431474082,0.0883803319684379,0.340655123895514
1.0,28.0,6.0,0.8399892040000001,0.0582029180949999,0.608874207857143,0.1116556118181818,0.9354794440067532,0.658550571135953,0.8979237431474082,0.0883803319684379,0.340655123895514
1.0,28.0,6.0,0.8499659817836053,0.0623454157641877,0.58749282,0.1229412860869565,0.9465903850635456,0.7054218328400519,0.8979237431474082,0.0883803319684379,0.340655123895514
1.0,28.0,6.0,0.870019225,0.0724762530299999,0.5454238007407406,0.1541084954782609,0.9689232873499958,0.8200495677690187,0.8979237431474082,0.0883803319684379,0.340655123895514
1.0,28.0,6.0,0.8799894694999999,0.0783323390499999,0.5214389783333334,0.1737003585714285,0.9800269524174235,0.8863096268746047,0.8979237431474082,0.0883803319684379,0.340655123895514
1.0,28.0,6.0,0.8979237431474082,0.0883803319684379,0.340655123895514,0.340655123895514,1.0,1.0,0.8979237431474082,0.0883803319684379,0.340655123895514
1.0,29.0,6.0,0.6000129070263488,0.0046903209625533,0.8563445480268057,0.0082335335769701,0.6752391207463324,0.0536421640078772,0.8885932236318933,0.0874372063338932,0.3411388105591559
1.0,29.0,6.0,0.6200121433,0.006230214419231,0.8407071213333331,0.0111322955911764,0.6977457477853161,0.0712535850635473,0.8885932236318933,0.0874372063338932,0.3411388105591559
1.0,29.0,6.0,0.6299772364,0.007231318066018,0.8322450173333333,0.0125031421411764,0.7089602077147653,0.0827029861681998,0.8885932236318933,0.0874372063338932,0.3411388105591559
1.0,29.0,6.0,0.650014089,0.0092221642080641,0.8155115454838711,0.0162001514705882,0.7315091672016547,0.1054718533989725,0.8885932236318933,0.0874372063338932,0.3411388105591559
1.0,29.0,6.0,0.6600013266280259,0.0102594374692465,0.8070011253244345,0.017791332995267,0.7427485480144024,0.1173349183878218,0.8885932236318933,0.0874372063338932,0.3411388105591559
1.0,29.0,6.0,0.6800116776999999,0.0133065053724244,0.7892084471875,0.0227505334911764,0.7652676833620555,0.1521835604126159,0.8885932236318933,0.0874372063338932,0.3411388105591559
1.0,29.0,6.0,0.6899505311,0.015222562970088,0.7798684143749999,0.0257146132058823,0.7764526138068069,0.1740970875940176,0.8885932236318933,0.0874372063338932,0.3411388105591559
1.0,29.0,6.0,0.7000323543,0.016841771506855,0.7704121745454545,0.0287385975151515,0.78779843879385,0.192615617687303,0.8885932236318933,0.0874372063338932,0.3411388105591559
1.0,29.0,6.0,0.7199658282,0.0212037339410563,0.7513047382857143,0.0357313014705882,0.8102310585459196,0.2425024177932492,0.8885932236318933,0.0874372063338932,0.3411388105591559
1.0,29.0,6.0,0.7299442460000001,0.02331105075759,0.7411390292592595,0.038944178,0.8214605137506487,0.2666033343811668,0.8885932236318933,0.0874372063338932,0.3411388105591559
1.0,29.0,6.0,0.7500067595000001,0.02844548110832,0.7198207215625001,0.0486376860937499,0.8440383513555763,0.3253246792869422,0.8885932236318933,0.0874372063338932,0.3411388105591559
1.0,29.0,6.0,0.7600036061,0.0310679269367539,0.7081987392307693,0.0525751012499999,0.8552885458586812,0.3553170125097086,0.8885932236318933,0.0874372063338932,0.3411388105591559
1.0,29.0,6.0,0.7799703118000001,0.03729541432021,0.683684178125,0.0640263122999999,0.8777585638252727,0.4265394090679361,0.8885932236318933,0.0874372063338932,0.3411388105591559
1.0,29.0,6.0,0.7899885833,0.04106137927458,0.6733037629166668,0.0705250487037037,0.8890328693607717,0.469609917748063,0.8885932236318933,0.0874372063338932,0.3411388105591559
1.0,29.0,6.0,0.7999769526,0.044286737072,0.6581469011764706,0.07852428953125,0.9002735237281043,0.5064976218805973,0.8885932236318933,0.0874372063338932,0.3411388105591559
1.0,29.0,6.0,0.8200208471,0.052439232709,0.62905778,0.09647118,0.922830407988459,0.5997359122929004,0.8885932236318933,0.0874372063338932,0.3411388105591559
1.0,29.0,6.0,0.8300089192,0.056626606464,0.6126378321428572,0.106523536,0.9340707278945418,0.6476259802693386,0.8885932236318933,0.0874372063338932,0.3411388105591559
1.0,29.0,6.0,0.8400430720000001,0.06108664145,0.5946054924999999,0.1182603365217391,0.945362905837322,0.6986344144703197,0.8885932236318933,0.0874372063338932,0.3411388105591559
1.0,29.0,6.0,0.8599324839000001,0.07125082247,0.5492906921739131,0.153686743,0.967745939345846,0.8148799059054694,0.8885932236318933,0.0874372063338932,0.3411388105591559
1.0,29.0,6.0,0.8700498548,0.07676334395,0.5239572615000001,0.1716622266666666,0.9791317688018122,0.8779253954760022,0.8885932236318933,0.0874372063338932,0.3411388105591559
1.0,29.0,6.0,0.8885932236318933,0.0874372063338932,0.3411388105591559,0.3411388105591559,1.0,1.0,0.8885932236318933,0.0874372063338932,0.3411388105591559
1.0,30.0,6.0,0.5999910782,0.0050967682201389,0.8549418255882353,0.0088677323205882,0.6813219983939717,0.0584297482944256,0.8806277789566653,0.0872289949711309,0.3432633172384974
1.0,30.0,6.0,0.6200234318000001,0.00645571062239,0.8389435833333334,0.0117343730794117,0.7040698086251385,0.0740087699568998,0.8806277789566653,0.0872289949711309,0.3432633172384974
1.0,30.0,6.0,0.6300026452,0.0074780775561045,0.8304808503333334,0.0132227103352941,0.7154017398206578,0.0857292642037137,0.8806277789566653,0.0872289949711309,0.3432633172384974
1.0,30.0,6.0,0.6499807650999999,0.0098695152503819,0.8133477574193547,0.0166511161764705,0.738087964781298,0.1131448924024436,0.8806277789566653,0.0872289949711309,0.3432633172384974
1.0,30.0,6.0,0.6599914622999999,0.011518058652462,0.8050171183870967,0.0195422335294117,0.7494556475176527,0.132043922508496,0.8806277789566653,0.0872289949711309,0.3432633172384974
1.0,30.0,6.0,0.669942850088574,0.0126550110292327,0.7951041649305555,0.0217428737352941,0.7607559812413561,0.1450780332092668,0.8806277789566653,0.0872289949711309,0.3432633172384974
1.0,30.0,6.0,0.6900561599,0.0159897447008528,0.7763615322580645,0.0270417188148148,0.7835957215857449,0.1833076800454336,0.8806277789566653,0.0872289949711309,0.3432633172384974
1.0,30.0,6.0,0.7000229576000001,0.017768239368251,0.7666279772727274,0.030488182090909,0.7949135540890624,0.2036964815899981,0.8806277789566653,0.0872289949711309,0.3432633172384974
1.0,30.0,6.0,0.7100072172999999,0.019781747095531,0.7568346387878787,0.0337440954242424,0.8062512156284575,0.2267794911781102,0.8806277789566653,0.0872289949711309,0.3432633172384974
1.0,30.0,6.0,0.7299767830999999,0.024585368996667,0.7371941603333332,0.0412910687878787,0.8289277269504818,0.281848587213503,0.8806277789566653,0.0872289949711309,0.3432633172384974
1.0,30.0,6.0,0.7400028905999999,0.026870768848592,0.7254927116129033,0.0451206391071428,0.840312908907697,0.3080485893192405,0.8806277789566653,0.0872289949711309,0.3432633172384974
1.0,30.0,6.0,0.7599937931,0.03288194554841,0.702789862962963,0.0579504850333333,0.8630136491951368,0.3769611877253949,0.8806277789566653,0.0872289949711309,0.3432633172384974
1.0,30.0,6.0,0.7699989117999999,0.03600974657704,0.6910861809999999,0.0640830588518518,0.8743749972460165,0.4128185426068212,0.8806277789566653,0.0872289949711309,0.3432633172384974
1.0,30.0,6.0,0.779958004,0.039565694422665,0.6779041146428574,0.0687408760714285,0.88568407974146,0.4535842059828795,0.8806277789566653,0.0872289949711309,0.3432633172384974
1.0,30.0,6.0,0.7999660341,0.0467604908122,0.6484718379411765,0.08566299453125,0.9084042693358704,0.5360659128042887,0.8806277789566653,0.0872289949711309,0.3432633172384974
1.0,30.0,6.0,0.8100193798,0.051015524402,0.6351617803448277,0.0954234926896551,0.919820381727772,0.5848459496625402,0.8806277789566653,0.0872289949711309,0.3432633172384974
1.0,30.0,6.0,0.8400084345000001,0.064419016436,0.581152159090909,0.1303511009999999,0.9538745592322904,0.7385046274730089,0.8806277789566653,0.0872289949711309,0.3432633172384974
1.0,30.0,6.0,0.8599494192,0.07562025524,0.5345444645454545,0.1715131612499999,0.9765186151847672,0.8669165025348177,0.8806277789566653,0.0872289949711309,0.3432633172384974
1.0,30.0,6.0,0.8600187569,0.07512173685,0.5331499942857144,0.167655984047619,0.976597351856102,0.8612014488400572,0.8806277789566653,0.0872289949711309,0.3432633172384974
1.0,30.0,6.0,0.8806277789566653,0.0872289949711309,0.3432633172384974,0.3432633172384974,1.0,1.0,0.8806277789566653,0.0872289949711309,0.3432633172384974
1.0,31.0,6.0,0.6000257439565861,0.0050910667922742,0.8540973620071687,0.0092667765141612,0.6865860108667615,0.0582437540145636,0.8739265502935317,0.0874096609741397,0.3440231744544686
1.0,31.0,6.0,0.6200227580075366,0.0071363796126542,0.8369799849206351,0.0128860128466386,0.7094678125973919,0.0816429160475237,0.8739265502935317,0.0874096609741397,0.3440231744544686
1.0,31.0,6.0,0.6300140284,0.008078722631992,0.8288352243333333,0.0141700028,0.7209004328663465,0.0924236811121153,0.8739265502935317,0.0874096609741397,0.3440231744544686
1.0,31.0,6.0,0.6499972270803949,0.010060999647038,0.809722258064516,0.0178253529411764,0.7437664262083304,0.1151016893889402,0.8739265502935317,0.0874096609741397,0.3440231744544686
1.0,31.0,6.0,0.6500233996613995,0.0103195254948063,0.8110803390762462,0.0183958806818181,0.743796374469996,0.1180593241044528,0.8739265502935317,0.0874096609741397,0.3440231744544686
1.0,31.0,6.0,0.6699962532,0.0134177762552512,0.7928970762499999,0.0232700232558823,0.7666505302704945,0.1535044994536802,0.8739265502935317,0.0874096609741397,0.3440231744544686
1.0,31.0,6.0,0.679948735756692,0.0149019184606238,0.7826916383463542,0.0259016125919117,0.7780387671347357,0.1704836547190425,0.8739265502935317,0.0874096609741397,0.3440231744544686
1.0,31.0,6.0,0.699991875,0.0190404001831634,0.7634303454545456,0.0323139516666666,0.8009733481204901,0.2178294706897048,0.8739265502935317,0.0874096609741397,0.3440231744544686
1.0,31.0,6.0,0.7099661554000001,0.021437490608448,0.7538353228571428,0.0366593927419354,0.8123865274050077,0.2452531032558325,0.8739265502935317,0.0874096609741397,0.3440231744544686
1.0,31.0,6.0,0.719983003,0.023533292483599,0.7427548343333333,0.0406107753,0.8238484146730344,0.2692298794130017,0.8739265502935317,0.0874096609741397,0.3440231744544686
1.0,31.0,6.0,0.7400229020000001,0.028238051077513,0.7198326824242424,0.0487248876562499,0.8467792879749946,0.3230541196798289,0.8739265502935317,0.0874096609741397,0.3440231744544686
1.0,31.0,6.0,0.7499867699,0.031258540190164,0.7084836387096773,0.0542387698387096,0.8581805526426641,0.3576096719950886,0.8739265502935317,0.0874096609741397,0.3440231744544686
1.0,31.0,6.0,0.7599917010999999,0.0347642256921869,0.6959123676470588,0.0617223792121212,0.8696288044398426,0.3977160568380646,0.8739265502935317,0.0874096609741397,0.3440231744544686
1.0,31.0,6.0,0.7800177877,0.04147448871044,0.6698459520000001,0.0738892941851851,0.8925438727522468,0.4744840358402751,0.8739265502935317,0.0874096609741397,0.3440231744544686
1.0,31.0,6.0,0.7900329400999999,0.0455217809878,0.6574364627586206,0.0823524605185185,0.9040038202691588,0.5207866096319456,0.8739265502935317,0.0874096609741397,0.3440231744544686
1.0,31.0,6.0,0.7999386536,0.0496008402281,0.6434705344,0.0915957355384615,0.9153385411294797,0.5674526096465984,0.8739265502935317,0.0874096609741397,0.3440231744544686
1.0,31.0,6.0,0.8200276965000001,0.05815585685,0.6093352368,0.1153924971428571,0.9383256478757532,0.6653252764268873,0.8739265502935317,0.0874096609741397,0.3440231744544686
1.0,31.0,6.0,0.8299736581999999,0.0630013882,0.5890291752,0.12601554,0.9497064231785052,0.7207600109401987,0.8739265502935317,0.0874096609741397,0.3440231744544686
1.0,31.0,6.0,0.849988037,0.0732896889,0.5410068972413794,0.1614642129999999,0.9726080947128894,0.8384621114327726,0.8739265502935317,0.0874096609741397,0.3440231744544686
1.0,31.0,6.0,0.8599815654999998,0.07941550589,0.5153590155555556,0.1888717033333333,0.9840432988460552,0.9085438040252236,0.8739265502935317,0.0874096609741397,0.3440231744544686
1.0,31.0,6.0,0.8739265502935317,0.0874096609741397,0.3440231744544686,0.3440231744544686,1.0,1.0,0.8739265502935317,0.0874096609741397,0.3440231744544686
1.0,32.0,6.0,0.6000595735,0.005255735736263,0.8527498974193547,0.009914323567647,0.6936220181884097,0.0612581369018205,0.8651103306484208,0.0857965325436922,0.3441515154554021
1.0,32.0,6.0,0.6199634266,0.0073881449420699,0.8358092103333336,0.0132346140411764,0.7166293184076564,0.0861123954899629,0.8651103306484208,0.0857965325436922,0.3441515154554021
1.0,32.0,6.0,0.629992105,0.0084648657665286,0.8264639933333334,0.0152789221205882,0.7282216876635907,0.0986620964223447,0.8651103306484208,0.0857965325436922,0.3441515154554021
1.0,32.0,6.0,0.6499776803999999,0.011229461104392,0.808436062368421,0.0194865953333333,0.7513234524812877,0.1308847895300821,0.8651103306484208,0.0857965325436922,0.3441515154554021
1.0,32.0,6.0,0.6500363309,0.010718950290616,0.8081179259999999,0.0193228336,0.7513912478802355,0.124934539576612,0.8651103306484208,0.0857965325436922,0.3441515154554021
1.0,32.0,6.0,0.6699938862,0.014166234975493,0.7903078093749999,0.0246758252352941,0.774460623649961,0.1651143065517105,0.8651103306484208,0.0857965325436922,0.3441515154554021
1.0,32.0,6.0,0.6800417968,0.01573711167305,0.780087558125,0.0276214953529411,0.7860752238275694,0.1834236327095832,0.8651103306484208,0.0857965325436922,0.3441515154554021
1.0,32.0,6.0,0.6999472775923453,0.0201057307701905,0.7595726697310181,0.0350546903302689,0.8090844055320876,0.2343419969793252,0.8651103306484208,0.0857965325436922,0.3441515154554021
1.0,32.0,6.0,0.7099834660000001,0.0220140609565529,0.7494140687096773,0.0377476697857142,0.820685455770538,0.2565845064349443,0.8651103306484208,0.0857965325436922,0.3441515154554021
1.0,32.0,6.0,0.7200083797,0.0247092813550519,0.7386012400000002,0.0427702345624999,0.8322734733271958,0.2879986011377395,0.8651103306484208,0.0857965325436922,0.3441515154554021
1.0,32.0,6.0,0.7299932558000001,0.027354452842669,0.7269328993939393,0.047910005,0.8438152105441311,0.3188293516260537,0.8651103306484208,0.0857965325436922,0.3441515154554021
1.0,32.0,6.0,0.7500703078999998,0.033037022377861,0.7024992587096771,0.0578140298387096,0.8670227152851178,0.3850624424831712,0.8651103306484208,0.0857965325436922,0.3441515154554021
1.0,32.0,6.0,0.7600129321,0.0365391984253999,0.690755883,0.0645896927586206,0.8785156126044087,0.4258819947856538,0.8651103306484208,0.0857965325436922,0.3441515154554021
1.0,32.0,6.0,0.7699828644915934,0.0392873919698458,0.6752365733333334,0.0718476576666666,0.8900400760611341,0.4579135170741142,0.8651103306484208,0.0857965325436922,0.3441515154554021
1.0,32.0,6.0,0.7899690265,0.0474189197313,0.6477177535294117,0.0891796485,0.9131425189523508,0.552690398148104,0.8651103306484208,0.0857965325436922,0.3441515154554021
1.0,32.0,6.0,0.8000249377,0.051696533989,0.6330035237499999,0.0991656492799999,0.924766367198924,0.6025480570869616,0.8651103306484208,0.0857965325436922,0.3441515154554021
1.0,32.0,6.0,0.810050954,0.0564600048389999,0.614650394,0.109177303125,0.936355659275098,0.6580686091276176,0.8651103306484208,0.0857965325436922,0.3441515154554021
1.0,32.0,6.0,0.8200363583999999,0.0611872838221,0.5968969584,0.1240108554545454,0.9478980071655868,0.7131673274900726,0.8651103306484208,0.0857965325436922,0.3441515154554021
1.0,32.0,6.0,0.8400133808000001,0.0713286056799999,0.5509919958333334,0.1561650114545454,0.9709898853830472,0.8313693288674057,0.8651103306484208,0.0857965325436922,0.3441515154554021
1.0,32.0,6.0,0.8651103306484208,0.0857965325436922,0.3441515154554021,0.3441515154554021,1.0,1.0,0.8651103306484208,0.0857965325436922,0.3441515154554021
1.0,33.0,6.0,0.5999835184191266,0.0059399925208062,0.8513261037704372,0.0105224130439814,0.6994504304006293,0.0698802411857805,0.8577927646359009,0.0850024616402567,0.3461447521102181
1.0,33.0,6.0,0.6200363972999999,0.0078086080124279,0.8337031546875,0.0140550735939393,0.7228277304987305,0.0918633162116541,0.8577927646359009,0.0850024616402567,0.3461447521102181
1.0,33.0,6.0,0.6298634591573516,0.0090499741266552,0.8256802818181816,0.0156225477272727,0.7342839496025637,0.106467200502452,0.8577927646359009,0.0850024616402567,0.3461447521102181
1.0,33.0,6.0,0.640026765,0.01019389567356,0.8157069653333332,0.01798083985,0.7461321561410769,0.1199247113183864,0.8577927646359009,0.0850024616402567,0.3461447521102181
1.0,33.0,6.0,0.6500067665,0.0114389236691649,0.8060109332258065,0.0203321958823529,0.7577666696406586,0.1345716753189591,0.8577927646359009,0.0850024616402567,0.3461447521102181
1.0,33.0,6.0,0.669959017,0.015248285675883,0.787099251875,0.0265278615,0.781026658909126,0.1793864010717249,0.8577927646359009,0.0850024616402567,0.3461447521102181
1.0,33.0,6.0,0.6799998137,0.016710998631119,0.7774458075,0.0289701515,0.7927320464035774,0.196594290431758,0.8577927646359009,0.0850024616402567,0.3461447521102181
1.0,33.0,6.0,0.6899972509000001,0.018736961419459,0.7671088166666666,0.0324651648709677,0.8043868861412892,0.2204284565164319,0.8577927646359009,0.0850024616402567,0.3461447521102181
1.0,33.0,6.0,0.7000480864,0.020866586559777,0.7563154984848485,0.0363871293030303,0.8161039766955166,0.2454821443652721,0.8577927646359009,0.0850024616402567,0.3461447521102181
1.0,33.0,6.0,0.7200324327000001,0.025833555823968,0.7340158639999999,0.0460384314375,0.8394013826936688,0.3039153846308536,0.8577927646359009,0.0850024616402567,0.3461447521102181
1.0,33.0,6.0,0.7299895430000001,0.0287257319152266,0.7220946976666666,0.050675586,0.8510092100273797,0.3379400003354991,0.8577927646359009,0.0850024616402567,0.3461447521102181
1.0,33.0,6.0,0.7399909354000002,0.0314704322700029,0.7102398012903229,0.05594856515625,0.8626686606689868,0.3702296576208644,0.8577927646359009,0.0850024616402567,0.3461447521102181
1.0,33.0,6.0,0.7599810072,0.038283508757656,0.6849558161764706,0.0688093232121212,0.88597274135622,0.4503811774261034,0.8577927646359009,0.0850024616402567,0.3461447521102181
1.0,33.0,6.0,0.7700355708,0.0419136728102,0.6706918665517243,0.0778775228148148,0.8976941780650827,0.4930877530063191,0.8577927646359009,0.0850024616402567,0.3461447521102181
1.0,33.0,6.0,0.7800083904000001,0.04561017436216,0.6557533967647059,0.08411884978125,0.9093203190296,0.5365747471548432,0.8577927646359009,0.0850024616402567,0.3461447521102181
1.0,33.0,6.0,0.7900015185999999,0.04989679188128,0.639698004,0.0968151383333333,0.9209701354094824,0.5870040810400384,0.8577927646359009,0.0850024616402567,0.3461447521102181
1.0,33.0,6.0,0.8100203129,0.05852782219,0.6055643935714287,0.1156966044444444,0.944307700291482,0.6885426734780766,0.8577927646359009,0.0850024616402567,0.3461447521102181
1.0,33.0,6.0,0.8200694771,0.063947164132,0.5856409565217391,0.1342698763636363,0.956022842473015,0.752297791123204,0.8577927646359009,0.0850024616402567,0.3461447521102181
1.0,33.0,6.0,0.8300188541,0.06879773802,0.5587455688888888,0.1509293303999999,0.9676216544590582,0.8093617136779221,0.8577927646359009,0.0850024616402567,0.3461447521102181
1.0,33.0,6.0,0.8399746786,0.07494120986,0.5320505284210527,0.17840191,0.9792279828293212,0.8816357598814321,0.8577927646359009,0.0850024616402567,0.3461447521102181
1.0,33.0,6.0,0.8577927646359009,0.0850024616402567,0.3461447521102181,0.3461447521102181,1.0,1.0,0.8577927646359009,0.0850024616402567,0.3461447521102181
1.0,34.0,6.0,0.600046676928649,0.0060133983163039,0.8500899724626277,0.0113586057711621,0.7044722545803719,0.0704907309359335,0.851767650219347,0.0853076459338925,0.346610390028722
1.0,34.0,6.0,0.619964756,0.008273767967376,0.83244711,0.0147197663558823,0.727856658843931,0.096987413927558,0.851767650219347,0.0853076459338925,0.346610390028722
1.0,34.0,6.0,0.6300188302,0.009391032443474,0.823404894,0.0169652009794117,0.7396604344362665,0.1100842994864891,0.851767650219347,0.0853076459338925,0.346610390028722
1.0,34.0,6.0,0.6399836676,0.0110000237112789,0.8136890565624999,0.0195011819967741,0.7513594434294277,0.1289453435370043,0.851767650219347,0.0853076459338925,0.346610390028722
1.0,34.0,6.0,0.6499965895661725,0.0122305367550982,0.8045160322580645,0.0213948280542986,0.7631149051020962,0.1433697603679747,0.851767650219347,0.0853076459338925,0.346610390028722
1.0,34.0,6.0,0.6700092456,0.01550345910921,0.7837784109375,0.0273081291764705,0.7866103454709267,0.1817358683326475,0.851767650219347,0.0853076459338925,0.346610390028722
1.0,34.0,6.0,0.6800113723000001,0.0175031585121577,0.7737854215625,0.0305681907777777,0.7983531331870655,0.2051769020296425,0.851767650219347,0.0853076459338925,0.346610390028722
1.0,34.0,6.0,0.6899435339000001,0.019803645686202,0.763537305625,0.0349281193823529,0.81001377984046,0.232143853805888,0.851767650219347,0.0853076459338925,0.346610390028722
1.0,34.0,6.0,0.699995732,0.0219022238045053,0.7517212012500001,0.038271146,0.821815352836818,0.2567439713607617,0.851767650219347,0.0853076459338925,0.346610390028722
1.0,34.0,6.0,0.7200163454,0.027291849240933,0.7300385741379312,0.0480322585666666,0.8453201353850215,0.3199226627597049,0.851767650219347,0.0853076459338925,0.346610390028722
1.0,34.0,6.0,0.7300212615,0.029977609587955,0.7181197773333333,0.0539217562962963,0.8570661979379062,0.3514058940412629,0.851767650219347,0.0853076459338925,0.346610390028722
1.0,34.0,6.0,0.7400044451,0.0333600487264119,0.7045351424,0.0613473608333333,0.8687867459035739,0.3910557882732295,0.851767650219347,0.0853076459338925,0.346610390028722
1.0,34.0,6.0,0.7500611778999999,0.03668468239407,0.6918201909375,0.0674770237586206,0.8805936427696501,0.4300280706667029,0.851767650219347,0.0853076459338925,0.346610390028722
1.0,34.0,6.0,0.7600180270999999,0.04020618742915,0.6780141763333332,0.0738955883666666,0.8922832733836279,0.4713081340951196,0.851767650219347,0.0853076459338925,0.346610390028722
1.0,34.0,6.0,0.779978261,0.0475995345673,0.6473326959259259,0.0904431812,0.9157171686423408,0.557975009698267,0.851767650219347,0.0853076459338925,0.346610390028722
1.0,34.0,6.0,0.7899981023,0.0520651831529999,0.6325272821875,0.1004165679629629,0.927480753814212,0.6103225869501404,0.851767650219347,0.0853076459338925,0.346610390028722
1.0,34.0,6.0,0.7999698252,0.056330970572,0.612511793548387,0.1112176034583333,0.9391878465846784,0.6603273359067086,0.851767650219347,0.0853076459338925,0.346610390028722
1.0,34.0,6.0,0.8100160039031226,0.0620878918534827,0.5961518060869565,0.12764729,0.9509823526339928,0.7278115715629582,0.851767650219347,0.0853076459338925,0.346610390028722
1.0,34.0,6.0,0.8300674780999999,0.0718685214,0.5420896655999999,0.1646995434782609,0.9745233666554972,0.8424628368680236,0.851767650219347,0.0853076459338925,0.346610390028722
1.0,34.0,6.0,0.8399716751522724,0.078298933640481,0.5108096985294117,0.1983410603693181,0.9861511821163472,0.9178419212406498,0.851767650219347,0.0853076459338925,0.346610390028722
1.0,34.0,6.0,0.851767650219347,0.0853076459338925,0.346610390028722,0.346610390028722,1.0,1.0,0.851767650219347,0.0853076459338925,0.346610390028722
